"","Log2 fold change","std error (log2)","Lower confidence limit (log2)","Upper confidence limit (log2)","Linear fold change","Lower confidence limit (linear)","Upper confidence limit (linear)","P-value","BH.p.value","method","Gene.sets","probe.ID"
"MTF1-mRNA",1.9,0.0999,1.71,2.1,3.74,3.26,4.28,3.46e-09,1.93e-06,"lm.nb","Reactive Oxygen Response","NM_005955.2:210"
"IL6-mRNA",7.92,0.692,6.57,9.28,243,94.7,621,4.53e-07,0.000109,"lm.nb","Cytokine & Chemokine Signaling, PI3K","NM_000600.3:364"
"NFKB1-mRNA",1.85,0.17,1.51,2.18,3.6,2.85,4.53,7.56e-07,0.000109,"lm.nb","Cytokine & Chemokine Signaling, Epigenetic Regulation, MAPK, NF-kB, PI3K, TCR & Costimulatory Signaling, TLR Signaling, Transcriptional Regulation","NM_003998.2:1675"
"CCL4-mRNA",5.82,0.544,4.76,6.89,56.5,27,118,8.46e-07,0.000109,"lm.nb","Cytokine & Chemokine Signaling, NF-kB","NM_002984.2:201"
"IL4I1-mRNA",4.28,0.406,3.49,5.08,19.5,11.2,33.8,9.79e-07,0.000109,"lm.nb","Amino Acid Synthesis, TryptophanKynurenine Metabolism","NM_152899.1:1452"
"SOD2-mRNA",2.52,0.255,2.02,3.02,5.72,4.05,8.1,1.81e-06,0.000169,"lm.nb","Cytokine & Chemokine Signaling, Mitochondrial Respiration","NM_000636.2:201"
"CCL5-mRNA",5.61,0.602,4.43,6.79,48.9,21.6,111,3e-06,0.000239,"lm.nb","Cytokine & Chemokine Signaling","NM_002985.2:277"
"PTGS2-mRNA",5.91,0.654,4.63,7.19,60.1,24.7,146,3.97e-06,0.000277,"lm.nb","Cytokine & Chemokine Signaling, NF-kB, Reactive Oxygen Response, Vitamin & Cofactor Metabolism","NM_000963.1:495"
"BRIP1-mRNA",4.49,0.548,3.41,5.56,22.4,10.6,47.2,9.63e-06,0.000597,"lm.nb","Cell Cycle, DNA Damage Repair","NM_032043.1:1130"
"IDO1-mRNA",9.09,1.17,6.8,11.4,544,111,2660,1.49e-05,0.000783,"lm.nb","TryptophanKynurenine Metabolism","NM_002164.5:52"
"PSMA3-mRNA",0.892,0.116,0.666,1.12,1.86,1.59,2.17,1.6e-05,0.000783,"lm.nb","Antigen Presentation, Cell Cycle, Cytokine & Chemokine Signaling, Hypoxia","NM_152132.1:465"
"NUP62-mRNA",1.14,0.151,0.849,1.44,2.21,1.8,2.71,1.84e-05,0.000783,"lm.nb","Cell Cycle, Cytokine & Chemokine Signaling, Glycolysis","NM_016553.3:457"
"NFKB2-mRNA",2.66,0.35,1.97,3.35,6.32,3.93,10.2,1.84e-05,0.000783,"lm.nb","Cytokine & Chemokine Signaling, Epigenetic Regulation, MAPK, NF-kB, TLR Signaling, Transcriptional Regulation","NM_002502.2:825"
"RICTOR-mRNA",1.11,0.149,0.818,1.4,2.16,1.76,2.64,2.18e-05,0.000783,"lm.nb","mTOR","NM_152756.3:3097"
"TBK1-mRNA",1.03,0.138,0.755,1.3,2.04,1.69,2.46,2.23e-05,0.000783,"lm.nb","Cytokine & Chemokine Signaling, TLR Signaling","NM_013254.2:1610"
"GMPR2-mRNA",-0.619,0.0834,-0.783,-0.456,0.651,0.581,0.729,2.24e-05,0.000783,"loglinear","Nucleotide Salvage, Nucleotide Synthesis","NM_001002001.2:392"
"GMPR-mRNA",2.6,0.36,1.9,3.31,6.08,3.73,9.92,2.8e-05,0.000886,"lm.nb","Nucleotide Salvage, Nucleotide Synthesis","NM_006877.3:325"
"COX14-mRNA",-0.461,0.0639,-0.587,-0.336,0.726,0.666,0.792,2.86e-05,0.000886,"loglinear","Mitochondrial Respiration, p53 Pathway","NM_001257133.1:672"
"LAG3-mRNA",4.6,0.646,3.33,5.87,24.3,10.1,58.4,3.22e-05,0.000887,"lm.nb","Antigen Presentation, TCR & Costimulatory Signaling","NM_002286.5:1736"
"PSME2-mRNA",2.3,0.323,1.66,2.93,4.91,3.16,7.62,3.31e-05,0.000887,"lm.nb","Antigen Presentation, Cell Cycle, Cytokine & Chemokine Signaling, Hypoxia","NM_002818.2:315"
"SLC2A6-mRNA",2.55,0.36,1.85,3.26,5.86,3.6,9.56,3.34e-05,0.000887,"lm.nb","Glucose Transport","NM_001145099.1:174"
"FABP5-mRNA",-1.73,0.249,-2.22,-1.24,0.301,0.215,0.422,3.94e-05,0.000974,"lm.nb","Fatty Acid Synthesis","NM_001444.1:100"
"CD274-mRNA",3.48,0.502,2.5,4.47,11.2,5.66,22.2,4.01e-05,0.000974,"lm.nb","TCR & Costimulatory Signaling","NM_014143.3:1243"
"TNF-mRNA",3.85,0.565,2.75,4.96,14.5,6.71,31.1,4.59e-05,0.00107,"lm.nb","Cytokine & Chemokine Signaling, MAPK, NF-kB, TCR & Costimulatory Signaling, mTOR","NM_000594.2:1010"
"LAMTOR4-mRNA",-0.828,0.124,-1.07,-0.585,0.563,0.476,0.667,5.49e-05,0.00119,"lm.nb","Autophagy, mTOR, p53 Pathway","NM_001008395.2:494"
"RELA-mRNA",1.66,0.25,1.17,2.15,3.16,2.25,4.43,5.8e-05,0.00119,"lm.nb","Cytokine & Chemokine Signaling, Epigenetic Regulation, MAPK, NF-kB, PI3K, TCR & Costimulatory Signaling, TLR Signaling, Transcriptional Regulation","NM_021975.3:1990"
"TXN-mRNA",2.03,0.306,1.43,2.63,4.07,2.69,6.17,5.96e-05,0.00119,"lm.nb","p53 Pathway","NM_003329.2:55"
"PDK3-mRNA",-1.07,0.162,-1.39,-0.752,0.477,0.383,0.594,5.99e-05,0.00119,"lm.nb","Mitochondrial Respiration","NM_005391.1:585"
"TYMP-mRNA",1.99,0.305,1.4,2.59,3.98,2.63,6.02,6.55e-05,0.00125,"lm.nb","Nucleotide Salvage, Nucleotide Synthesis","NM_001953.3:719"
"MYD88-mRNA",1.16,0.179,0.814,1.51,2.24,1.76,2.86,6.71e-05,0.00125,"lm.nb","Antigen Presentation, Cytokine & Chemokine Signaling, MAPK, NF-kB, TLR Signaling","NM_002468.3:2145"
"WASHC4-mRNA",0.445,0.0703,0.308,0.583,1.36,1.24,1.5,8.48e-05,0.00153,"loglinear","Endocytosis","NM_015275.1:1485"
"CAT-mRNA",-1.75,0.279,-2.3,-1.2,0.298,0.204,0.435,9.4e-05,0.00164,"lm.nb","Reactive Oxygen Response, TryptophanKynurenine Metabolism","NM_001752.2:1130"
"NDUFB10-mRNA",-0.583,0.0938,-0.766,-0.399,0.668,0.588,0.759,1e-04,0.0017,"lm.nb","Mitochondrial Respiration","NM_004548.2:155"
"JAK2-mRNA",1.81,0.301,1.22,2.4,3.51,2.33,5.28,0.000129,0.00212,"lm.nb","Cell Cycle, Cytokine & Chemokine Signaling, Epigenetic Regulation, PI3K, Reactive Oxygen Response","NM_004972.3:1464"
"IL2RA-mRNA",6.34,1.06,4.26,8.42,81,19.2,342,0.000137,0.00218,"lm.nb","Cytokine & Chemokine Signaling, Endocytosis, PI3K","NM_000417.1:1000"
"IRF1-mRNA",2.53,0.433,1.68,3.38,5.78,3.21,10.4,0.000162,0.00251,"lm.nb","Cytokine & Chemokine Signaling, Transcriptional Regulation","NM_002198.2:15"
"NFS1-mRNA",-0.614,0.105,-0.821,-0.407,0.653,0.566,0.754,0.000168,0.00253,"lm.nb","Amino Acid Synthesis","NM_021100.3:1775"
"NUP205-mRNA",0.917,0.16,0.604,1.23,1.89,1.52,2.34,0.000186,0.00265,"lm.nb","Cell Cycle, Cytokine & Chemokine Signaling, Glycolysis","NM_015135.1:5075"
"GNS-mRNA",0.788,0.137,0.519,1.06,1.73,1.43,2.08,0.000188,0.00265,"lm.nb","Lysosomal Degradation","NM_002076.3:1340"
"STAT3-mRNA",1.03,0.18,0.678,1.38,2.04,1.6,2.61,0.00019,0.00265,"lm.nb","Cytokine & Chemokine Signaling, Transcriptional Regulation","NM_003150.3:2060"
"NFE2L2-mRNA",0.569,0.101,0.371,0.767,1.48,1.29,1.7,0.000215,0.00292,"lm.nb","IDH12 Activity, KEAP1NRF2 Pathway, Transcriptional Regulation","NM_006164.3:995"
"KYNU-mRNA",1.65,0.298,1.06,2.23,3.13,2.09,4.7,0.000249,0.00327,"lm.nb","TryptophanKynurenine Metabolism","NM_003937.2:738"
"PDK4-mRNA",-4.27,0.773,-5.79,-2.76,0.0518,0.0181,0.148,0.000252,0.00327,"lm.nb","Mitochondrial Respiration","NM_002612.3:1675"
"TLR2-mRNA",3.64,0.665,2.34,4.94,12.5,5.05,30.7,0.000272,0.00345,"lm.nb","Antigen Presentation, PI3K, TLR Signaling","NM_003264.3:2402"
"OGDH-mRNA",0.598,0.111,0.381,0.815,1.51,1.3,1.76,0.000296,0.00368,"lm.nb","Amino Acid Synthesis, Mitochondrial Respiration, TryptophanKynurenine Metabolism","NM_001003941.2:196"
"HLA-E-mRNA",1.18,0.222,0.748,1.62,2.27,1.68,3.07,0.000331,0.00396,"lm.nb","Antigen Presentation, Cytokine & Chemokine Signaling, Endocytosis","NM_005516.5:1287"
"HADH-mRNA",-2.19,0.41,-2.99,-1.38,0.22,0.126,0.384,0.000334,0.00396,"lm.nb","Amino Acid Synthesis, Fatty Acid Oxidation, TryptophanKynurenine Metabolism","NM_001184705.2:645"
"PSMB10-mRNA",1.04,0.196,0.656,1.42,2.06,1.58,2.68,0.000341,0.00396,"lm.nb","Antigen Presentation, Cell Cycle, Cytokine & Chemokine Signaling, Hypoxia","NM_002801.3:249"
"CXCL9-mRNA",5.61,1.06,3.53,7.68,48.8,11.6,206,0.000349,0.00398,"lm.nb","Cytokine & Chemokine Signaling","NM_002416.2:2012"
"MLST8-mRNA",-0.556,0.106,-0.764,-0.348,0.68,0.589,0.786,0.00038,0.00422,"lm.nb","Autophagy, PI3K, mTOR, p53 Pathway","NM_001199173.1:810"
"PLA2G15-mRNA",-1.26,0.241,-1.73,-0.787,0.418,0.301,0.579,0.000386,0.00422,"lm.nb","Lysosomal Degradation","NM_012320.3:900"
"IMPDH2-mRNA",-0.732,0.145,-1.02,-0.448,0.602,0.495,0.733,0.000498,0.00518,"lm.nb","Nucleotide Synthesis","NM_000884.2:545"
"ATOX1-mRNA",0.961,0.19,0.588,1.33,1.95,1.5,2.52,5e-04,0.00518,"lm.nb","Reactive Oxygen Response","NM_004045.3:143"
"CD180-mRNA",-3.81,0.755,-5.29,-2.33,0.0712,0.0255,0.199,0.000501,0.00518,"lm.nb","TLR Signaling","NM_005582.2:1036"
"PSMC1-mRNA",0.583,0.116,0.356,0.81,1.5,1.28,1.75,0.000516,0.00524,"lm.nb","Antigen Presentation, Cell Cycle, Cytokine & Chemokine Signaling, Hypoxia","NM_002802.2:58"
"MGST3-mRNA",-0.54,0.108,-0.751,-0.328,0.688,0.594,0.797,0.00054,0.00538,"lm.nb","KEAP1NRF2 Pathway","NM_004528.2:195"
"NDUFB1-mRNA",-0.748,0.15,-1.04,-0.453,0.596,0.486,0.73,0.000558,0.00546,"lm.nb","Mitochondrial Respiration","NM_004545.3:270"
"PTGER4-mRNA",1.47,0.296,0.888,2.05,2.77,1.85,4.13,0.00057,0.00549,"lm.nb","","NM_000958.2:976"
"TRAF1-mRNA",3.2,0.657,1.91,4.49,9.19,3.77,22.5,0.000651,0.00614,"lm.nb","NF-kB","NM_005658.3:3735"
"NADK-mRNA",1.03,0.211,0.613,1.44,2.04,1.53,2.72,0.000661,0.00614,"lm.nb","Vitamin & Cofactor Metabolism","NM_001198993.1:1558"
"DCK-mRNA",0.881,0.184,0.521,1.24,1.84,1.44,2.36,0.000724,0.00662,"lm.nb","Nucleotide Salvage, Nucleotide Synthesis","NM_000788.2:310"
"GART-mRNA",0.516,0.108,0.304,0.728,1.43,1.23,1.66,0.000752,0.0067,"lm.nb","Nucleotide Synthesis","NM_000819.3:370"
"HMOX1-mRNA",-1.33,0.28,-1.88,-0.786,0.396,0.271,0.58,0.000757,0.0067,"lm.nb","Cytokine & Chemokine Signaling, KEAP1NRF2 Pathway, Reactive Oxygen Response","NM_002133.2:781"
"PSMB3-mRNA",0.306,0.0669,0.175,0.438,1.24,1.13,1.35,0.00101,0.00866,"loglinear","Antigen Presentation, Cell Cycle, Cytokine & Chemokine Signaling, Hypoxia","NM_002795.3:22"
"HK2-mRNA",0.824,0.18,0.471,1.18,1.77,1.39,2.26,0.00102,0.00866,"lm.nb","Glycolysis","NM_000189.4:6880"
"MPC1-mRNA",-0.647,0.142,-0.925,-0.369,0.639,0.527,0.774,0.00104,0.00866,"lm.nb","Mitochondrial Respiration","NM_016098.2:210"
"NAGLU-mRNA",-0.886,0.194,-1.27,-0.505,0.541,0.416,0.705,0.00104,0.00866,"lm.nb","Lysosomal Degradation","NM_000263.3:696"
"KEAP1-mRNA",0.491,0.108,0.279,0.703,1.41,1.21,1.63,0.00108,0.00887,"lm.nb","Antigen Presentation, IDH12 Activity, KEAP1NRF2 Pathway","NM_012289.3:561"
"TK2-mRNA",-1.32,0.292,-1.89,-0.745,0.401,0.27,0.597,0.00113,0.00902,"lm.nb","Nucleotide Salvage, Nucleotide Synthesis","NM_004614.3:2165"
"KPNA2-mRNA",0.64,0.142,0.362,0.918,1.56,1.28,1.89,0.00113,0.00902,"lm.nb","Cytokine & Chemokine Signaling, DNA Damage Repair","NM_002266.2:917"
"RPS6KA1-mRNA",-0.865,0.193,-1.24,-0.487,0.549,0.423,0.713,0.00116,0.00911,"lm.nb","Cytokine & Chemokine Signaling, MAPK, TLR Signaling, mTOR","NM_002953.3:2000"
"PIK3R1-mRNA",-0.9,0.203,-1.3,-0.502,0.536,0.406,0.706,0.00128,0.00994,"lm.nb","AMPK, Autophagy, Cytokine & Chemokine Signaling, PI3K, TCR & Costimulatory Signaling, mTOR","NM_181504.2:1105"
"IDH1-mRNA",-0.785,0.18,-1.14,-0.433,0.58,0.455,0.741,0.0014,0.0107,"lm.nb","IDH12 Activity, Reactive Oxygen Response, Vitamin & Cofactor Metabolism","NM_005896.3:418"
"TBXAS1-mRNA",-1.83,0.42,-2.65,-1,0.282,0.159,0.499,0.00145,0.0109,"lm.nb","Fatty Acid Synthesis","NM_001130966.2:1030"
"PSMD13-mRNA",0.411,0.0948,0.225,0.597,1.33,1.17,1.51,0.00148,0.011,"lm.nb","Antigen Presentation, Cell Cycle, Cytokine & Chemokine Signaling, Hypoxia","NM_175932.2:668"
"NCOR1-mRNA",-0.456,0.106,-0.663,-0.249,0.729,0.632,0.842,0.00153,0.0112,"lm.nb","Epigenetic Regulation, Mitochondrial Respiration","NM_006311.3:1390"
"FAH-mRNA",-1.53,0.355,-2.23,-0.834,0.346,0.214,0.561,0.00155,0.0112,"lm.nb","Amino Acid Synthesis","NM_000137.1:920"
"TKT-mRNA",-0.808,0.189,-1.18,-0.438,0.571,0.442,0.738,0.00161,0.0115,"lm.nb","Pentose Phosphate Pathway","NM_001064.2:1235"
"CTSL-mRNA",1.1,0.258,0.597,1.61,2.15,1.51,3.05,0.00163,0.0115,"lm.nb","Antigen Presentation, Autophagy, Lysosomal Degradation, TLR Signaling","NM_001912.4:1072"
"PEBP1-mRNA",-0.402,0.0959,-0.59,-0.214,0.757,0.664,0.862,0.00185,0.0129,"lm.nb","Reactive Oxygen Response","NM_002567.2:1335"
"ATP5ME-mRNA",-0.396,0.0952,-0.583,-0.21,0.76,0.668,0.865,0.00195,0.0132,"lm.nb","Mitochondrial Respiration","NM_007100.3:184"
"NEU1-mRNA",-0.644,0.155,-0.949,-0.34,0.64,0.518,0.79,0.00197,0.0132,"lm.nb","Lysosomal Degradation","NM_000434.3:1508"
"SOS2-mRNA",-0.489,0.118,-0.72,-0.258,0.712,0.607,0.836,0.00199,0.0132,"lm.nb","Cytokine & Chemokine Signaling, MAPK, PI3K, TCR & Costimulatory Signaling, mTOR","NM_006939.2:3845"
"SLC2A8-mRNA",-0.796,0.192,-1.17,-0.419,0.576,0.444,0.748,0.002,0.0132,"lm.nb","Endocytosis, Glucose Transport","NM_014580.3:1777"
"RRAGC-mRNA",0.564,0.136,0.297,0.831,1.48,1.23,1.78,0.00201,0.0132,"lm.nb","Autophagy, mTOR, p53 Pathway","NM_022157.2:1199"
"EME1-mRNA",1.66,0.403,0.875,2.45,3.17,1.83,5.47,0.00203,0.0132,"lm.nb","DNA Damage Repair","XM_011524392.1:416"
"SLC7A5-mRNA",1.87,0.454,0.978,2.76,3.65,1.97,6.77,0.0021,0.0135,"lm.nb","Amino Acid Transporters, mTOR","NM_003486.5:785"
"SLC25A1-mRNA",-0.724,0.177,-1.07,-0.376,0.606,0.476,0.771,0.00221,0.014,"lm.nb","Fatty Acid Synthesis","NM_005984.2:964"
"DERA-mRNA",-0.414,0.102,-0.615,-0.214,0.751,0.653,0.862,0.00234,0.0146,"lm.nb","Pentose Phosphate Pathway","NM_015954.2:960"
"GABARAP-mRNA",-0.395,0.0982,-0.587,-0.202,0.761,0.666,0.869,0.00243,0.0149,"lm.nb","Autophagy","NM_007278.1:233"
"GPX1-mRNA",-0.757,0.188,-1.13,-0.388,0.592,0.458,0.764,0.00244,0.0149,"lm.nb","Reactive Oxygen Response","NM_000581.2:745"
"RPL23-mRNA",-0.874,0.218,-1.3,-0.446,0.546,0.406,0.734,0.0025,0.0152,"lm.nb","Myc","NM_000978.3:71"
"LTA4H-mRNA",-1.67,0.419,-2.49,-0.846,0.315,0.178,0.556,0.0026,0.0156,"lm.nb","Amino Acid Synthesis","NM_001256643.1:1140"
"NDUFS7-mRNA",-0.459,0.116,-0.686,-0.232,0.728,0.622,0.852,0.00267,0.0159,"lm.nb","Mitochondrial Respiration","NM_024407.4:376"
"AFMID-mRNA",-1.44,0.365,-2.16,-0.728,0.367,0.224,0.604,0.00272,0.016,"lm.nb","TryptophanKynurenine Metabolism","NM_001010982.4:850"
"SLC3A2-mRNA",0.317,0.0803,0.159,0.474,1.25,1.12,1.39,0.00276,0.016,"loglinear","Amino Acid Transporters, mTOR","NM_001012662.2:1505"
"CBR4-mRNA",-0.458,0.116,-0.686,-0.23,0.728,0.621,0.853,0.00279,0.016,"lm.nb","Fatty Acid Synthesis","NM_032783.4:520"
"GMPS-mRNA",-0.399,0.102,-0.598,-0.2,0.758,0.661,0.871,0.00285,0.0162,"loglinear","Nucleotide Synthesis","NM_003875.2:385"
"CAD-mRNA",-0.72,0.185,-1.08,-0.358,0.607,0.473,0.78,0.00296,0.0167,"lm.nb","Amino Acid Synthesis, Myc, Nucleotide Synthesis","NM_004341.3:2380"
"HEXA-mRNA",-0.512,0.132,-0.77,-0.254,0.701,0.586,0.839,0.00301,0.0168,"lm.nb","Lysosomal Degradation","NM_000520.4:702"
"MSH2-mRNA",-0.586,0.152,-0.883,-0.289,0.666,0.542,0.819,0.00313,0.0173,"lm.nb","DNA Damage Repair","NM_000251.1:2105"
"GLS-mRNA",0.571,0.149,0.28,0.862,1.49,1.21,1.82,0.00326,0.0178,"lm.nb","Amino Acid Synthesis, Arginine Metabolism, Glutamine Metabolism, p53 Pathway","NM_014905.3:985"
"IMPDH1-mRNA",-1.01,0.268,-1.54,-0.487,0.496,0.345,0.714,0.00361,0.0196,"lm.nb","Nucleotide Synthesis","NM_000883.3:862"
"TECR-mRNA",-0.824,0.22,-1.26,-0.394,0.565,0.419,0.761,0.00377,0.0202,"lm.nb","Fatty Acid Synthesis","NR_038104.1:574"
"HSD11B1-mRNA",2.65,0.709,1.26,4.04,6.28,2.4,16.5,0.00386,0.0203,"lm.nb","","NM_181755.1:155"
"STAM2-mRNA",0.176,0.047,0.0836,0.268,1.13,1.06,1.2,0.00386,0.0203,"loglinear","Cytokine & Chemokine Signaling, Endocytosis","NM_005843.4:1455"
"AP2S1-mRNA",-0.418,0.115,-0.643,-0.193,0.748,0.64,0.875,0.00453,0.0234,"lm.nb","Antigen Presentation, Endocytosis","NM_021575.2:665"
"PDK2-mRNA",-1.16,0.32,-1.79,-0.538,0.446,0.289,0.689,0.00453,0.0234,"lm.nb","Mitochondrial Respiration","NM_002611.3:435"
"AMPD3-mRNA",1.79,0.493,0.827,2.76,3.47,1.77,6.77,0.00457,0.0234,"lm.nb","Nucleotide Salvage, Nucleotide Synthesis","NM_000480.2:3033"
"INSR-mRNA",-1.18,0.325,-1.82,-0.542,0.442,0.284,0.687,0.00461,0.0234,"lm.nb","AMPK, MAPK, PI3K, mTOR","NM_000208.2:525"
"STAT6-mRNA",0.714,0.198,0.326,1.1,1.64,1.25,2.15,0.00482,0.0242,"lm.nb","Cytokine & Chemokine Signaling, Transcriptional Regulation","NM_003153.3:2030"
"PDCD1LG2-mRNA",1.26,0.35,0.573,1.94,2.39,1.49,3.84,0.00486,0.0242,"lm.nb","TCR & Costimulatory Signaling","NM_025239.3:235"
"GZMB-mRNA",3.37,0.94,1.53,5.21,10.3,2.88,37,0.00496,0.0245,"lm.nb","","NM_004131.3:540"
"GSK3B-mRNA",0.272,0.0763,0.122,0.422,1.21,1.09,1.34,0.00514,0.0252,"loglinear","Cell Cycle, Cytokine & Chemokine Signaling, PI3K, TCR & Costimulatory Signaling, mTOR","NM_002093.2:925"
"SCD-mRNA",-1.28,0.363,-2,-0.572,0.411,0.251,0.673,0.00541,0.0263,"lm.nb","AMPK, Fatty Acid Synthesis","NM_005063.4:2025"
"NAALAD2-mRNA",-0.951,0.272,-1.48,-0.418,0.517,0.358,0.749,0.00576,0.0277,"lm.nb","Glutamine Metabolism","NM_005467.3:830"
"NDUFA3-mRNA",-0.477,0.138,-0.747,-0.207,0.719,0.596,0.866,0.00609,0.0289,"lm.nb","Mitochondrial Respiration","NM_004542.3:75"
"CPT1A-mRNA",-0.659,0.19,-1.03,-0.286,0.634,0.489,0.82,0.0061,0.0289,"lm.nb","AMPK, Fatty Acid Oxidation","NM_001876.3:1355"
"MAP2K3-mRNA",1.06,0.308,0.46,1.67,2.09,1.38,3.18,0.00618,0.029,"lm.nb","Cytokine & Chemokine Signaling, MAPK, TLR Signaling","NM_145109.1:370"
"SNF8-mRNA",-0.307,0.0897,-0.483,-0.131,0.808,0.716,0.913,0.0065,0.03,"loglinear","Endocytosis","NM_001317192.1:234"
"RPLP0-mRNA",-0.706,0.206,-1.11,-0.302,0.613,0.463,0.811,0.0065,0.03,"lm.nb","Cytokine & Chemokine Signaling","NM_001002.3:250"
"CMKLR1-mRNA",1.43,0.419,0.608,2.25,2.69,1.52,4.76,0.00666,0.0305,"lm.nb","MAPK, PI3K","NM_004072.2:762"
"KYAT3-mRNA",0.419,0.124,0.176,0.662,1.34,1.13,1.58,0.00695,0.0315,"lm.nb","Amino Acid Synthesis, TryptophanKynurenine Metabolism","NM_001008661.2:1445"
"FBP1-mRNA",-1.35,0.402,-2.14,-0.564,0.392,0.227,0.676,0.00721,0.0324,"lm.nb","AMPK, Glycolysis, Pentose Phosphate Pathway","NM_000507.3:590"
"TIGAR-mRNA",-1.03,0.31,-1.64,-0.424,0.489,0.321,0.745,0.00763,0.0341,"lm.nb","p53 Pathway","NM_020375.2:5245"
"STAT5A-mRNA",0.45,0.136,0.183,0.717,1.37,1.14,1.64,0.00797,0.0353,"lm.nb","Cytokine & Chemokine Signaling, Transcriptional Regulation","NM_003152.2:3460"
"STK3-mRNA",0.62,0.191,0.246,0.995,1.54,1.19,1.99,0.00878,0.0386,"lm.nb","MAPK","NM_006281.3:1295"
"ACAA2-mRNA",-0.741,0.229,-1.19,-0.293,0.598,0.439,0.816,0.00889,0.0388,"lm.nb","Amino Acid Synthesis, Fatty Acid Oxidation","NM_006111.2:450"
"CCL13-mRNA",2.81,0.868,1.1,4.51,6.99,2.15,22.7,0.009,0.0389,"lm.nb","Cytokine & Chemokine Signaling, NF-kB","NM_005408.2:320"
"RBP4-mRNA",-0.829,0.257,-1.33,-0.325,0.563,0.397,0.798,0.00906,0.0389,"lm.nb","Vitamin & Cofactor Metabolism","NM_006744.3:793"
"HEXB-mRNA",-0.662,0.206,-1.07,-0.259,0.632,0.478,0.836,0.00923,0.0393,"lm.nb","Lysosomal Degradation","NM_000521.3:950"
"VEGFA-mRNA",2.67,0.835,1.04,4.31,6.39,2.05,19.9,0.00942,0.0398,"lm.nb","Cytokine & Chemokine Signaling, Hypoxia, MAPK, PI3K","NM_001025366.1:1325"
"LY96-mRNA",-0.584,0.184,-0.944,-0.224,0.667,0.52,0.856,0.00986,0.0414,"lm.nb","Antigen Presentation, NF-kB, TLR Signaling","NM_015364.2:360"
"SLC6A12-mRNA",0.949,0.302,0.358,1.54,1.93,1.28,2.91,0.0104,0.0433,"lm.nb","Amino Acid Transporters","NM_003044.3:969"
"ERN1-mRNA",0.652,0.208,0.244,1.06,1.57,1.18,2.09,0.0106,0.0439,"lm.nb","Autophagy","NM_001433.2:435"
"STAT1-mRNA",2.02,0.647,0.749,3.29,4.05,1.68,9.76,0.0109,0.0449,"lm.nb","Cytokine & Chemokine Signaling, Transcriptional Regulation","NM_007315.3:239"
"BRCC3-mRNA",-0.527,0.17,-0.86,-0.194,0.694,0.551,0.874,0.0113,0.0458,"lm.nb","Cell Cycle, DNA Damage Repair","NM_024332.3:458"
"NDUFB7-mRNA",-0.35,0.114,-0.574,-0.127,0.784,0.672,0.916,0.0117,0.0467,"lm.nb","Mitochondrial Respiration","NM_004146.5:239"
"PDPK1-mRNA",-0.32,0.104,-0.524,-0.116,0.801,0.695,0.923,0.0117,0.0467,"lm.nb","AMPK, Autophagy, PI3K, TCR & Costimulatory Signaling, mTOR","NM_002613.3:5935"
"ADK-mRNA",-0.968,0.315,-1.59,-0.351,0.511,0.333,0.784,0.0117,0.0467,"lm.nb","Nucleotide Salvage, Nucleotide Synthesis","NM_001123.2:355"
"PIK3CD-mRNA",-0.435,0.141,-0.712,-0.157,0.74,0.61,0.897,0.0118,0.0467,"lm.nb","AMPK, Autophagy, Cytokine & Chemokine Signaling, PI3K, TCR & Costimulatory Signaling, mTOR","NM_005026.3:2978"
"AKT3-mRNA",0.293,0.0954,0.106,0.48,1.22,1.08,1.39,0.0119,0.0467,"loglinear","AMPK, Autophagy, Cell Cycle, Cytokine & Chemokine Signaling, MAPK, PI3K, TCR & Costimulatory Signaling, mTOR, p53 Pathway","NM_005465.4:287"
"SLC1A5-mRNA",-0.72,0.235,-1.18,-0.259,0.607,0.441,0.835,0.012,0.0467,"lm.nb","Amino Acid Transporters","NM_001145144.1:180"
"ALOX5-mRNA",-1.4,0.463,-2.31,-0.495,0.378,0.202,0.709,0.0127,0.0487,"lm.nb","Cytokine & Chemokine Signaling","NM_000698.2:735"
"PPARG-mRNA",-0.677,0.224,-1.11,-0.239,0.626,0.462,0.847,0.0127,0.0487,"lm.nb","AMPK, Transcriptional Regulation","NM_005037.5:345"
"NDUFS8-mRNA",-0.483,0.16,-0.795,-0.17,0.716,0.576,0.889,0.0128,0.0487,"lm.nb","Mitochondrial Respiration, Reactive Oxygen Response","NM_002496.3:190"
"ARF5-mRNA",-0.278,0.0919,-0.458,-0.0977,0.825,0.728,0.935,0.0128,0.0487,"loglinear","Endocytosis","NM_001662.2:36"
"CBL-mRNA",-0.616,0.205,-1.02,-0.214,0.653,0.494,0.862,0.0132,0.0498,"lm.nb","Cytokine & Chemokine Signaling, Endocytosis","NM_005188.2:7485"
"PIK3R4-mRNA",-0.396,0.133,-0.656,-0.135,0.76,0.634,0.911,0.014,0.0524,"lm.nb","Autophagy, TLR Signaling","NM_014602.1:3620"
"RPIA-mRNA",0.483,0.164,0.161,0.805,1.4,1.12,1.75,0.0147,0.0548,"lm.nb","Pentose Phosphate Pathway","NM_144563.2:1588"
"PTGES-mRNA",4.88,1.66,1.62,8.14,29.4,3.06,282,0.015,0.0556,"loglinear","Glutamine Metabolism","NM_004878.4:303"
"NDUFA4-mRNA",-0.287,0.0983,-0.479,-0.0941,0.82,0.717,0.937,0.0154,0.0564,"lm.nb","Mitochondrial Respiration, p53 Pathway","NM_002489.2:35"
"NOD2-mRNA",1.36,0.466,0.441,2.27,2.56,1.36,4.82,0.0157,0.057,"lm.nb","Cytokine & Chemokine Signaling, TLR Signaling","NM_001293557.1:652"
"NPM1-mRNA",-0.483,0.166,-0.808,-0.157,0.716,0.571,0.897,0.0157,0.057,"lm.nb","Cell Cycle, Myc","NM_002520.6:910"
"GPS1-mRNA",-0.275,0.0949,-0.461,-0.0887,0.827,0.727,0.94,0.016,0.0575,"lm.nb","DNA Damage Repair, Endocytosis","NM_004127.4:605"
"HERC1-mRNA",-0.714,0.248,-1.2,-0.228,0.61,0.436,0.854,0.0164,0.0583,"lm.nb","Antigen Presentation, Myc","NM_003922.3:300"
"PPM1A-mRNA",-0.267,0.093,-0.45,-0.0852,0.831,0.732,0.943,0.0165,0.0583,"lm.nb","MAPK, mTOR","NM_021003.4:550"
"NDUFB4-mRNA",0.247,0.0858,0.0786,0.415,1.19,1.06,1.33,0.0165,0.0583,"lm.nb","Mitochondrial Respiration, Reactive Oxygen Response","NM_004547.4:254"
"UPP1-mRNA",0.747,0.26,0.237,1.26,1.68,1.18,2.39,0.0166,0.0583,"lm.nb","Nucleotide Salvage, Nucleotide Synthesis","NM_003364.2:925"
"LDHB-mRNA",-1.09,0.385,-1.85,-0.337,0.469,0.278,0.792,0.0177,0.0618,"lm.nb","Amino Acid Synthesis, Glycolysis, Mitochondrial Respiration","NM_001174097.1:586"
"SOS1-mRNA",0.358,0.128,0.108,0.609,1.28,1.08,1.52,0.0186,0.0637,"lm.nb","Cytokine & Chemokine Signaling, MAPK, PI3K, TCR & Costimulatory Signaling, mTOR","NM_005633.2:1635"
"ZNF91-mRNA",-0.451,0.161,-0.766,-0.136,0.732,0.588,0.91,0.0186,0.0637,"lm.nb","Transcriptional Regulation","NM_003430.2:4472"
"CCNA1-mRNA",2.69,0.959,0.808,4.57,6.45,1.75,23.7,0.0187,0.0637,"lm.nb","AMPK, Cell Cycle, DNA Damage Repair","NM_003914.3:1605"
"MLYCD-mRNA",-0.395,0.141,-0.671,-0.119,0.761,0.628,0.921,0.0187,0.0637,"lm.nb","AMPK","NM_012213.2:1530"
"AKT2-mRNA",0.408,0.146,0.122,0.695,1.33,1.09,1.62,0.019,0.0642,"lm.nb","AMPK, Autophagy, Cell Cycle, Cytokine & Chemokine Signaling, MAPK, PI3K, TCR & Costimulatory Signaling, mTOR, p53 Pathway","NM_001626.4:699"
"NRAS-mRNA",0.375,0.135,0.111,0.639,1.3,1.08,1.56,0.0193,0.0649,"lm.nb","Autophagy, Cytokine & Chemokine Signaling, MAPK, PI3K, TCR & Costimulatory Signaling, mTOR","NM_002524.3:877"
"HLA-A-mRNA",0.662,0.238,0.195,1.13,1.58,1.15,2.19,0.0194,0.0649,"lm.nb","Antigen Presentation, Cytokine & Chemokine Signaling, Endocytosis","NM_002116.5:1000"
"PRKAG2-mRNA",0.535,0.193,0.157,0.913,1.45,1.12,1.88,0.0196,0.065,"lm.nb","AMPK, Autophagy, Fatty Acid Oxidation, Mitochondrial Respiration, mTOR, p53 Pathway","NM_016203.3:1895"
"RIMKLB-mRNA",0.551,0.201,0.158,0.945,1.47,1.12,1.93,0.0207,0.0683,"lm.nb","Amino Acid Synthesis, Glutamine Metabolism","NM_020734.2:1840"
"LTA-mRNA",2.04,0.738,0.595,3.49,4.12,1.51,11.2,0.0219,0.0717,"Wald","Cytokine & Chemokine Signaling, NF-kB","NM_000595.2:885"
"CHMP2A-mRNA",-0.272,0.101,-0.47,-0.0753,0.828,0.722,0.949,0.022,0.0717,"lm.nb","Autophagy, Endocytosis","NM_014453.3:241"
"HK3-mRNA",1.04,0.389,0.28,1.8,2.06,1.21,3.49,0.023,0.0746,"lm.nb","Glycolysis","NM_002115.1:495"
"COX4I1-mRNA",-0.245,0.0917,-0.425,-0.0655,0.844,0.745,0.956,0.0233,0.0746,"loglinear","Mitochondrial Respiration, p53 Pathway","NM_001318797.1:50"
"HIF1A-mRNA",0.868,0.325,0.231,1.5,1.83,1.17,2.84,0.0234,0.0746,"lm.nb","Autophagy, Cytokine & Chemokine Signaling, Hypoxia, Transcriptional Regulation","NM_001530.2:1985"
"RAD51AP1-mRNA",-0.653,0.245,-1.13,-0.174,0.636,0.456,0.886,0.0234,0.0746,"lm.nb","DNA Damage Repair","NM_001130862.1:1125"
"AKT1-mRNA",-0.253,0.0951,-0.439,-0.0666,0.839,0.738,0.955,0.0239,0.0751,"lm.nb","AMPK, Autophagy, Cell Cycle, Cytokine & Chemokine Signaling, MAPK, PI3K, Reactive Oxygen Response, TCR & Costimulatory Signaling, Vitamin & Cofactor Metabolism, mTOR, p53 Pathway","NM_001014431.1:758"
"PEMT-mRNA",-0.559,0.21,-0.972,-0.147,0.679,0.51,0.903,0.0239,0.0751,"lm.nb","Mitochondrial Respiration","NM_148173.1:385"
"CTSD-mRNA",-0.514,0.193,-0.893,-0.135,0.7,0.539,0.911,0.024,0.0751,"lm.nb","Antigen Presentation, Autophagy, Lysosomal Degradation","NM_001909.3:1495"
"PIK3C2A-mRNA",-0.401,0.151,-0.697,-0.105,0.757,0.617,0.93,0.0241,0.0751,"lm.nb","Endocytosis","NM_002645.1:3505"
"SMAD4-mRNA",0.356,0.136,0.0891,0.623,1.28,1.06,1.54,0.0258,0.0793,"lm.nb","Cell Cycle","NM_005359.3:1370"
"LAMTOR5-mRNA",-0.257,0.0983,-0.449,-0.0639,0.837,0.732,0.957,0.026,0.0793,"lm.nb","Autophagy, mTOR, p53 Pathway","NM_006402.2:504"
"TP53-mRNA",0.336,0.129,0.0837,0.588,1.26,1.06,1.5,0.0261,0.0793,"lm.nb","Cell Cycle, Cytokine & Chemokine Signaling, DNA Damage Repair, MAPK, Myc, PI3K, Transcriptional Regulation, p53 Pathway","NM_000546.2:1330"
"NDUFB11-mRNA",-0.196,0.075,-0.343,-0.0487,0.873,0.789,0.967,0.0261,0.0793,"loglinear","Mitochondrial Respiration","NM_001135998.1:255"
"PTEN-mRNA",-0.369,0.141,-0.646,-0.0916,0.774,0.639,0.938,0.0261,0.0793,"lm.nb","Autophagy, PI3K, mTOR, p53 Pathway","NM_000314.3:1675"
"ATXN7-mRNA",0.374,0.144,0.0911,0.656,1.3,1.07,1.58,0.0269,0.081,"lm.nb","Epigenetic Regulation","NM_001128149.2:3600"
"GAPVD1-mRNA",-0.221,0.0856,-0.388,-0.0528,0.858,0.764,0.964,0.0276,0.0827,"loglinear","Endocytosis","NM_001282679.1:380"
"GUSB-mRNA",-0.503,0.196,-0.887,-0.119,0.705,0.541,0.921,0.0279,0.0834,"lm.nb","Lysosomal Degradation","NM_000181.3:1899"
"NDUFA13-mRNA",-0.248,0.0971,-0.438,-0.0577,0.842,0.738,0.961,0.0286,0.085,"lm.nb","Mitochondrial Respiration","NM_015965.6:167"
"CSF3R-mRNA",-0.632,0.249,-1.12,-0.144,0.645,0.46,0.905,0.0295,0.0871,"lm.nb","Cytokine & Chemokine Signaling, PI3K","NM_000760.3:2066"
"ATP5F1D-mRNA",-0.259,0.103,-0.461,-0.0579,0.835,0.726,0.961,0.0302,0.0888,"lm.nb","Mitochondrial Respiration","NM_001687.4:184"
"WDR45-mRNA",0.528,0.211,0.114,0.943,1.44,1.08,1.92,0.0314,0.0916,"lm.nb","Autophagy","NM_007075.3:1390"
"BTK-mRNA",0.468,0.188,0.101,0.836,1.38,1.07,1.79,0.0316,0.0917,"lm.nb","Antigen Presentation, NF-kB, TLR Signaling","NM_000061.1:570"
"PRKAG1-mRNA",-0.214,0.0861,-0.383,-0.0455,0.862,0.767,0.969,0.0321,0.0927,"loglinear","AMPK, Autophagy, Mitochondrial Respiration, mTOR, p53 Pathway","NM_002733.3:825"
"NDUFB8-mRNA",-0.281,0.114,-0.504,-0.0586,0.823,0.705,0.96,0.0328,0.0943,"lm.nb","Mitochondrial Respiration","NM_001284367.1:204"
"ITGB5-mRNA",-0.516,0.209,-0.926,-0.107,0.699,0.526,0.928,0.0329,0.0943,"lm.nb","Antigen Presentation, PI3K","NM_002213.3:2560"
"TET2-mRNA",0.311,0.127,0.0626,0.559,1.24,1.04,1.47,0.034,0.0967,"lm.nb","IDH12 Activity","NM_001127208.2:2882"
"UQCRQ-mRNA",-0.38,0.155,-0.683,-0.0756,0.769,0.623,0.949,0.0344,0.0974,"lm.nb","Mitochondrial Respiration","NM_014402.4:172"
"MPC2-mRNA",-0.657,0.272,-1.19,-0.125,0.634,0.438,0.917,0.0362,0.102,"lm.nb","Mitochondrial Respiration","NM_001143674.1:285"
"NME2-mRNA",-0.283,0.117,-0.513,-0.0532,0.822,0.701,0.964,0.0365,0.102,"lm.nb","Myc, Nucleotide Synthesis","NM_001018137.2:669"
"SDHC-mRNA",-0.223,0.0924,-0.404,-0.0417,0.857,0.756,0.972,0.0366,0.102,"lm.nb","IDH12 Activity, Mitochondrial Respiration","NM_001035511.1:615"
"NADK2-mRNA",-0.228,0.0946,-0.413,-0.0423,0.854,0.751,0.971,0.0369,0.102,"lm.nb","Vitamin & Cofactor Metabolism","NM_153013.3:315"
"TBX21-mRNA",2.02,0.859,0.337,3.7,4.06,1.26,13,0.0431,0.119,"Wald","Transcriptional Regulation","NM_013351.1:890"
"COX6B1-mRNA",-0.214,0.0928,-0.396,-0.0322,0.862,0.76,0.978,0.0437,0.12,"loglinear","Mitochondrial Respiration, p53 Pathway","NM_001863.4:264"
"H6PD-mRNA",-0.509,0.221,-0.943,-0.076,0.702,0.52,0.949,0.044,0.12,"lm.nb","Pentose Phosphate Pathway","NM_004285.3:7250"
"MAPKAP1-mRNA",-0.406,0.177,-0.753,-0.0603,0.754,0.594,0.959,0.0442,0.12,"lm.nb","mTOR","NM_001006617.1:1188"
"CD14-mRNA",-1.69,0.752,-3.17,-0.216,0.31,0.111,0.861,0.0485,0.131,"lm.nb","Antigen Presentation, MAPK, NF-kB, TLR Signaling","NM_000591.2:885"
"FNIP2-mRNA",0.841,0.376,0.105,1.58,1.79,1.08,2.98,0.0491,0.132,"lm.nb","mTOR","NM_020840.1:1732"
"SMAD2-mRNA",-0.204,0.0913,-0.383,-0.0253,0.868,0.767,0.983,0.0492,0.132,"loglinear","Cell Cycle, Endocytosis","NM_005901.5:1678"
"VPS28-mRNA",-0.319,0.144,-0.601,-0.0371,0.802,0.659,0.975,0.0509,0.136,"lm.nb","Endocytosis","NM_016208.3:416"
"TLR4-mRNA",-0.621,0.281,-1.17,-0.0698,0.65,0.443,0.953,0.0517,0.137,"lm.nb","Antigen Presentation, NF-kB, PI3K, TLR Signaling","NM_138554.2:2570"
"COX7C-mRNA",-0.245,0.111,-0.463,-0.0266,0.844,0.726,0.982,0.0525,0.139,"lm.nb","Mitochondrial Respiration, p53 Pathway","NM_001867.2:57"
"ACAT1-mRNA",-0.232,0.106,-0.439,-0.0246,0.852,0.738,0.983,0.0531,0.14,"lm.nb","Amino Acid Synthesis, Fatty Acid Oxidation, TryptophanKynurenine Metabolism","NM_000019.3:282"
"TIMELESS-mRNA",0.209,0.0961,0.0206,0.397,1.16,1.01,1.32,0.0547,0.143,"loglinear","DNA Damage Repair","NM_003920.2:1185"
"MAT2A-mRNA",0.248,0.115,0.0238,0.473,1.19,1.02,1.39,0.0553,0.144,"lm.nb","Amino Acid Synthesis","NM_005911.4:805"
"IDH2-mRNA",-0.339,0.157,-0.646,-0.0311,0.791,0.639,0.979,0.0563,0.146,"lm.nb","IDH12 Activity, Mitochondrial Respiration","NM_002168.2:944"
"COPS6-mRNA",-0.258,0.12,-0.493,-0.0225,0.836,0.71,0.985,0.0574,0.148,"lm.nb","DNA Damage Repair, Endocytosis","NM_006833.4:860"
"SLC16A3-mRNA",0.37,0.172,0.032,0.708,1.29,1.02,1.63,0.0575,0.148,"lm.nb","Mitochondrial Respiration","NM_004207.2:370"
"NDUFA6-mRNA",0.183,0.0853,0.0157,0.35,1.14,1.01,1.27,0.0577,0.148,"lm.nb","Mitochondrial Respiration, Reactive Oxygen Response","NM_002490.3:430"
"FNIP1-mRNA",-0.227,0.108,-0.438,-0.0162,0.854,0.738,0.989,0.061,0.155,"lm.nb","mTOR","NM_001008738.2:1264"
"HLA-C-mRNA",0.611,0.292,0.0378,1.18,1.53,1.03,2.27,0.0632,0.16,"lm.nb","Antigen Presentation, Cytokine & Chemokine Signaling, Endocytosis","NM_002117.4:895"
"KMT2A-mRNA",-0.429,0.205,-0.831,-0.0261,0.743,0.562,0.982,0.0634,0.16,"lm.nb","Amino Acid Synthesis, Epigenetic Regulation, Transcriptional Regulation","NM_005933.2:14000"
"CYBB-mRNA",0.551,0.264,0.0332,1.07,1.47,1.02,2.1,0.0636,0.16,"lm.nb","Antigen Presentation","NM_000397.3:2686"
"IRF4-mRNA",2.56,1.21,0.182,4.93,5.89,1.13,30.6,0.064,0.16,"Wald","Cytokine & Chemokine Signaling, Transcriptional Regulation","NM_002460.1:325"
"PRDX5-mRNA",-0.405,0.195,-0.786,-0.023,0.755,0.58,0.984,0.0644,0.16,"lm.nb","Reactive Oxygen Response","NM_012094.4:600"
"PSMB1-mRNA",0.299,0.145,0.0152,0.582,1.23,1.01,1.5,0.0658,0.163,"lm.nb","Antigen Presentation, Cell Cycle, Cytokine & Chemokine Signaling, Hypoxia","NM_002793.2:0"
"LY86-mRNA",-0.69,0.334,-1.35,-0.0348,0.62,0.393,0.976,0.0659,0.163,"lm.nb","TLR Signaling","NM_004271.3:255"
"NPR1-mRNA",1.84,0.898,0.0843,3.6,3.59,1.06,12.2,0.0702,0.172,"Wald","Nucleotide Synthesis","NM_000906.3:1120"
"SREBF1-mRNA",0.459,0.227,0.014,0.904,1.37,1.01,1.87,0.0708,0.173,"lm.nb","AMPK, Transcriptional Regulation","NM_001005291.1:1392"
"SERINC5-mRNA",-0.708,0.352,-1.4,-0.0187,0.612,0.379,0.987,0.0718,0.175,"lm.nb","Glutamine Metabolism","NM_001174071.2:526"
"CCND1-mRNA",2.01,1,0.0477,3.98,4.03,1.03,15.7,0.0725,0.176,"lm.nb","AMPK, Cell Cycle, Cytokine & Chemokine Signaling, Epigenetic Regulation, PI3K","NM_053056.2:690"
"UQCR10-mRNA",-0.24,0.12,-0.476,-0.0049,0.847,0.719,0.997,0.0733,0.177,"lm.nb","Mitochondrial Respiration","NM_001003684.1:40"
"GPI-mRNA",-0.327,0.165,-0.651,-0.00334,0.797,0.637,0.998,0.0758,0.182,"lm.nb","Glycolysis, Pentose Phosphate Pathway, p53 Pathway","NM_000175.2:1695"
"FH-mRNA",-0.309,0.156,-0.616,-0.00279,0.807,0.653,0.998,0.0761,0.182,"lm.nb","IDH12 Activity, Mitochondrial Respiration","NM_000143.2:203"
"KMO-mRNA",0.531,0.272,-0.00157,1.06,1.44,0.999,2.09,0.0792,0.188,"lm.nb","TryptophanKynurenine Metabolism","NM_003679.3:595"
"RPS6KB1-mRNA",0.189,0.097,-0.00065,0.38,1.14,1,1.3,0.0793,0.188,"lm.nb","AMPK, Autophagy, PI3K, mTOR","NM_003161.2:310"
"RANBP2-mRNA",-0.28,0.144,-0.562,0.0015,0.824,0.678,1,0.0798,0.189,"lm.nb","Cell Cycle, Cytokine & Chemokine Signaling, Glycolysis","NM_006267.4:5384"
"ADA-mRNA",0.756,0.389,-0.00579,1.52,1.69,0.996,2.86,0.0804,0.189,"lm.nb","Nucleotide Salvage, Nucleotide Synthesis","NM_000022.2:1300"
"ITCH-mRNA",-0.244,0.127,-0.493,0.00465,0.844,0.711,1,0.0834,0.195,"lm.nb","Antigen Presentation, Endocytosis","NM_001257138.1:438"
"PIK3CB-mRNA",-0.396,0.212,-0.812,0.0199,0.76,0.57,1.01,0.0916,0.213,"lm.nb","AMPK, Autophagy, Cytokine & Chemokine Signaling, PI3K, TCR & Costimulatory Signaling, mTOR","NM_006219.1:2945"
"BCL2A1-mRNA",0.577,0.309,-0.0295,1.18,1.49,0.98,2.27,0.0918,0.213,"lm.nb","NF-kB","NM_004049.2:80"
"CD4-mRNA",-0.753,0.405,-1.55,0.0408,0.593,0.342,1.03,0.0926,0.214,"lm.nb","Cytokine & Chemokine Signaling, Endocytosis, TCR & Costimulatory Signaling","NM_000616.4:975"
"REST-mRNA",-0.216,0.117,-0.445,0.0133,0.861,0.735,1.01,0.0946,0.218,"lm.nb","Epigenetic Regulation, Transcriptional Regulation","NM_001193508.1:1140"
"RBBP5-mRNA",-0.149,0.081,-0.308,0.00951,0.902,0.808,1.01,0.0952,0.219,"loglinear","Epigenetic Regulation","NM_005057.2:325"
"DGLUCY-mRNA",-0.357,0.195,-0.74,0.0256,0.781,0.599,1.02,0.0973,0.222,"lm.nb","Glutamine Metabolism","NM_001102369.2:442"
"KAT6A-mRNA",0.259,0.142,-0.0186,0.537,1.2,0.987,1.45,0.0974,0.222,"lm.nb","Epigenetic Regulation","NM_001099412.1:550"
"NCOA2-mRNA",0.302,0.167,-0.0248,0.629,1.23,0.983,1.55,0.1,0.227,"lm.nb","Epigenetic Regulation, Mitochondrial Respiration","NM_006540.2:1045"
"SERINC2-mRNA",-0.656,0.365,-1.37,0.0586,0.635,0.387,1.04,0.102,0.231,"lm.nb","Glutamine Metabolism","NM_018565.3:795"
"CD36-mRNA",-1.47,0.82,-3.08,0.138,0.361,0.118,1.1,0.103,0.233,"lm.nb","AMPK, Antigen Presentation, Cytokine & Chemokine Signaling, TLR Signaling","NM_000072.3:707"
"STK11-mRNA",-0.189,0.106,-0.396,0.0186,0.877,0.76,1.01,0.105,0.235,"lm.nb","AMPK, Autophagy, PI3K, mTOR","NM_000455.4:2060"
"PIK3CA-mRNA",0.151,0.0848,-0.0152,0.317,1.11,0.99,1.25,0.105,0.235,"loglinear","AMPK, Autophagy, Cytokine & Chemokine Signaling, PI3K, TCR & Costimulatory Signaling, mTOR","NM_006218.2:2445"
"BAD-mRNA",-0.181,0.102,-0.382,0.0193,0.882,0.767,1.01,0.107,0.238,"loglinear","Autophagy, PI3K","NM_004322.3:652"
"SLC16A1-mRNA",-0.718,0.408,-1.52,0.0824,0.608,0.349,1.06,0.109,0.242,"lm.nb","Mitochondrial Respiration","NM_003051.3:635"
"ITK-mRNA",1.78,1,-0.186,3.74,3.43,0.879,13.4,0.11,0.242,"Wald","Cytokine & Chemokine Signaling, TCR & Costimulatory Signaling","NM_005546.3:3430"
"PLCG1-mRNA",-0.34,0.194,-0.721,0.0411,0.79,0.607,1.03,0.111,0.244,"lm.nb","Cytokine & Chemokine Signaling, NF-kB, TCR & Costimulatory Signaling","NM_002660.2:2290"
"PRIM1-mRNA",-0.321,0.186,-0.685,0.044,0.801,0.622,1.03,0.116,0.253,"lm.nb","Cell Cycle, Nucleotide Synthesis","NM_000946.2:480"
"NDUFA1-mRNA",-0.125,0.0725,-0.267,0.0175,0.917,0.831,1.01,0.116,0.254,"loglinear","Mitochondrial Respiration","NM_004541.3:240"
"TRAF6-mRNA",0.247,0.145,-0.037,0.53,1.19,0.975,1.44,0.119,0.258,"lm.nb","Autophagy, Cytokine & Chemokine Signaling, Endocytosis, MAPK, NF-kB, TLR Signaling","NM_145803.2:745"
"APRT-mRNA",-0.283,0.166,-0.608,0.0426,0.822,0.656,1.03,0.119,0.258,"lm.nb","Nucleotide Salvage, Nucleotide Synthesis","NM_000485.2:662"
"LDHA-mRNA",0.504,0.297,-0.0787,1.09,1.42,0.947,2.12,0.121,0.259,"lm.nb","Amino Acid Synthesis, Glycolysis, Mitochondrial Respiration, Myc","NM_001165414.1:1690"
"BIRC3-mRNA",1.92,1.12,-0.279,4.13,3.79,0.824,17.5,0.121,0.259,"Wald","Cytokine & Chemokine Signaling, NF-kB, TLR Signaling","NM_182962.1:3"
"TFAM-mRNA",-0.265,0.157,-0.573,0.0426,0.832,0.672,1.03,0.122,0.259,"lm.nb","Mitochondrial Respiration","NM_003201.1:85"
"TPR-mRNA",-0.173,0.102,-0.374,0.0278,0.887,0.772,1.02,0.122,0.259,"loglinear","Cell Cycle, Cytokine & Chemokine Signaling, Glycolysis","NM_003292.2:6825"
"GATM-mRNA",-2.25,1.32,-4.84,0.335,0.21,0.0349,1.26,0.122,0.259,"Wald","Amino Acid Synthesis","NM_001482.2:525"
"ZNF254-mRNA",-0.233,0.141,-0.508,0.0427,0.851,0.703,1.03,0.129,0.272,"lm.nb","Transcriptional Regulation","NM_203282.3:1986"
"PKM-mRNA",0.292,0.177,-0.0547,0.638,1.22,0.963,1.56,0.13,0.273,"lm.nb","Glycolysis, Nucleotide Synthesis","NM_182471.1:2105"
"SDSL-mRNA",0.56,0.34,-0.106,1.23,1.47,0.929,2.34,0.131,0.274,"lm.nb","Amino Acid Synthesis","NM_138432.2:303"
"GLUD1-mRNA",-0.148,0.0904,-0.326,0.0287,0.902,0.798,1.02,0.132,0.275,"loglinear","Amino Acid Synthesis, Arginine Metabolism, Glutamine Metabolism, Mitochondrial Respiration","NM_005271.2:2680"
"COX5B-mRNA",-0.217,0.133,-0.477,0.0433,0.861,0.719,1.03,0.133,0.278,"lm.nb","Mitochondrial Respiration, p53 Pathway","NM_001862.2:240"
"CAB39-mRNA",-0.346,0.212,-0.761,0.0701,0.787,0.59,1.05,0.134,0.278,"lm.nb","AMPK, mTOR","NM_001130849.1:1238"
"TXN2-mRNA",-0.178,0.11,-0.394,0.0372,0.884,0.761,1.03,0.136,0.281,"lm.nb","Reactive Oxygen Response","NM_012473.3:192"
"TFRC-mRNA",-0.521,0.325,-1.16,0.115,0.697,0.448,1.08,0.139,0.287,"lm.nb","Endocytosis, Myc","NM_003234.1:1220"
"NDUFB2-mRNA",-0.144,0.0907,-0.322,0.0335,0.905,0.8,1.02,0.143,0.292,"lm.nb","Mitochondrial Respiration","NM_004546.2:230"
"PRPS1-mRNA",-0.259,0.163,-0.578,0.0602,0.836,0.67,1.04,0.143,0.292,"lm.nb","Nucleotide Synthesis, Pentose Phosphate Pathway","NM_002764.3:1081"
"VHL-mRNA",-0.12,0.0754,-0.267,0.0281,0.92,0.831,1.02,0.144,0.292,"loglinear","Antigen Presentation, Hypoxia","NM_000551.2:1280"
"ACOX1-mRNA",0.441,0.28,-0.107,0.99,1.36,0.928,1.99,0.146,0.296,"lm.nb","Fatty Acid Oxidation","NM_004035.5:2950"
"LAMB1-mRNA",0.855,0.543,-0.21,1.92,1.81,0.865,3.78,0.147,0.296,"lm.nb","PI3K","NM_002291.2:3120"
"PFKL-mRNA",0.144,0.0933,-0.0385,0.327,1.11,0.974,1.25,0.153,0.308,"lm.nb","AMPK, Glycolysis, Pentose Phosphate Pathway","NM_001002021.1:2410"
"CYP1B1-mRNA",-0.27,0.175,-0.613,0.0733,0.829,0.654,1.05,0.154,0.31,"lm.nb","TryptophanKynurenine Metabolism","NM_000104.3:1715"
"CTPS1-mRNA",0.329,0.22,-0.103,0.761,1.26,0.931,1.69,0.167,0.332,"lm.nb","Nucleotide Synthesis","NM_001301237.1:580"
"GCDH-mRNA",-0.157,0.105,-0.364,0.0494,0.897,0.777,1.03,0.167,0.332,"loglinear","Amino Acid Synthesis, Fatty Acid Oxidation, TryptophanKynurenine Metabolism","NM_000159.2:464"
"SREBF2-mRNA",-0.231,0.156,-0.537,0.0743,0.852,0.689,1.05,0.169,0.335,"lm.nb","Transcriptional Regulation","NM_004599.2:665"
"MAPK1-mRNA",-0.0738,0.0499,-0.172,0.0241,0.95,0.888,1.02,0.17,0.337,"loglinear","Autophagy, Cell Cycle, Cytokine & Chemokine Signaling, MAPK, PI3K, TCR & Costimulatory Signaling, TLR Signaling, mTOR","NM_138957.2:430"
"GLRX-mRNA",0.203,0.138,-0.067,0.473,1.15,0.955,1.39,0.171,0.338,"lm.nb","Glutamine Metabolism","NM_002064.2:360"
"ACAP2-mRNA",-0.206,0.14,-0.481,0.0686,0.867,0.716,1.05,0.172,0.338,"lm.nb","Endocytosis","NM_012287.5:852"
"SRM-mRNA",-0.245,0.167,-0.573,0.0825,0.844,0.672,1.06,0.173,0.338,"lm.nb","Amino Acid Synthesis, Myc","NM_003132.2:254"
"NEDD8-mRNA",-0.0978,0.0667,-0.228,0.033,0.934,0.854,1.02,0.173,0.338,"loglinear","Endocytosis","NM_006156.2:330"
"TXNRD1-mRNA",-0.44,0.303,-1.03,0.153,0.737,0.489,1.11,0.177,0.343,"lm.nb","p53 Pathway","NM_001093771.1:1009"
"MAP2K2-mRNA",0.144,0.102,-0.0561,0.344,1.11,0.962,1.27,0.189,0.365,"lm.nb","Autophagy, MAPK, PI3K, TCR & Costimulatory Signaling, mTOR","NM_030662.3:375"
"PCK2-mRNA",0.368,0.262,-0.146,0.882,1.29,0.904,1.84,0.191,0.369,"lm.nb","AMPK, Glycolysis, PI3K","NM_004563.2:795"
"GCLC-mRNA",-0.489,0.349,-1.17,0.195,0.712,0.443,1.15,0.192,0.369,"lm.nb","Amino Acid Synthesis, Reactive Oxygen Response","NM_001498.2:520"
"GOT1-mRNA",-0.382,0.275,-0.92,0.156,0.767,0.528,1.11,0.194,0.373,"lm.nb","Amino Acid Synthesis, Arginine Metabolism, Glutamine Metabolism","NM_002079.2:615"
"LAMTOR2-mRNA",-0.124,0.0903,-0.301,0.0528,0.918,0.812,1.04,0.199,0.381,"lm.nb","Autophagy, mTOR, p53 Pathway","NM_001145264.1:272"
"MRAS-mRNA",0.363,0.265,-0.156,0.881,1.29,0.897,1.84,0.201,0.382,"lm.nb","Autophagy, MAPK","NM_001085049.2:1700"
"DGUOK-mRNA",-0.123,0.0903,-0.3,0.0543,0.918,0.812,1.04,0.204,0.387,"loglinear","Nucleotide Salvage, Nucleotide Synthesis","NM_080916.2:902"
"GPX4-mRNA",-0.207,0.153,-0.506,0.0924,0.866,0.704,1.07,0.205,0.387,"lm.nb","Reactive Oxygen Response","NM_001039847.1:435"
"HACD2-mRNA",-0.423,0.312,-1.03,0.189,0.746,0.488,1.14,0.206,0.387,"lm.nb","Fatty Acid Synthesis","NM_198402.2:510"
"ASL-mRNA",-0.29,0.214,-0.709,0.13,0.818,0.612,1.09,0.206,0.387,"lm.nb","Amino Acid Synthesis, Arginine Metabolism, IDH12 Activity","NM_000048.3:130"
"ITGB2-mRNA",-0.409,0.305,-1.01,0.19,0.753,0.498,1.14,0.21,0.394,"lm.nb","Cytokine & Chemokine Signaling, TLR Signaling","NM_000211.2:520"
"NCAPH-mRNA",-2.22,1.66,-5.48,1.04,0.215,0.0225,2.06,0.212,0.396,"loglinear","Cell Cycle","NM_015341.3:1550"
"COX5A-mRNA",-0.147,0.111,-0.364,0.0704,0.903,0.777,1.05,0.215,0.399,"lm.nb","Mitochondrial Respiration, p53 Pathway","NM_004255.3:315"
"FLT1-mRNA",0.631,0.478,-0.306,1.57,1.55,0.809,2.97,0.216,0.401,"lm.nb","Cytokine & Chemokine Signaling, MAPK, PI3K","NM_002019.4:530"
"ATF4-mRNA",0.374,0.285,-0.185,0.933,1.3,0.879,1.91,0.22,0.406,"lm.nb","MAPK, PI3K, Transcriptional Regulation","NM_001675.2:1151"
"CD84-mRNA",-0.607,0.464,-1.52,0.303,0.657,0.349,1.23,0.22,0.406,"lm.nb","","NM_001184879.1:28"
"MAP2K1-mRNA",-0.18,0.139,-0.452,0.0917,0.883,0.731,1.07,0.223,0.41,"lm.nb","Autophagy, Cytokine & Chemokine Signaling, MAPK, PI3K, TCR & Costimulatory Signaling, TLR Signaling, mTOR","NM_002755.2:970"
"ABL1-mRNA",-0.175,0.136,-0.442,0.0923,0.886,0.736,1.07,0.228,0.418,"lm.nb","Cell Cycle, DNA Damage Repair, IDH12 Activity, Reactive Oxygen Response","NM_005157.3:3200"
"UCK1-mRNA",-0.118,0.0926,-0.3,0.0629,0.921,0.812,1.04,0.229,0.418,"loglinear","Nucleotide Salvage, Nucleotide Synthesis","NM_031432.3:232"
"CTCF-mRNA",-0.123,0.0974,-0.314,0.0676,0.918,0.804,1.05,0.234,0.423,"loglinear","IDH12 Activity","NM_001191022.1:490"
"ICOS-mRNA",1.47,1.15,-0.789,3.72,2.76,0.579,13.2,0.234,0.423,"Wald","TCR & Costimulatory Signaling","NM_012092.2:640"
"HPRT1-mRNA",-0.21,0.166,-0.535,0.115,0.865,0.69,1.08,0.234,0.423,"lm.nb","Nucleotide Salvage, Nucleotide Synthesis","NM_000194.1:240"
"FPR1-mRNA",0.775,0.622,-0.443,1.99,1.71,0.736,3.98,0.241,0.433,"lm.nb","Cytokine & Chemokine Signaling","NM_002029.3:350"
"ATP6V1F-mRNA",-0.102,0.0816,-0.262,0.0583,0.932,0.834,1.04,0.241,0.433,"loglinear","Mitochondrial Respiration, mTOR","NM_001198909.1:673"
"NDUFA2-mRNA",-0.233,0.188,-0.602,0.137,0.851,0.659,1.1,0.245,0.439,"lm.nb","Mitochondrial Respiration","NM_001185012.1:116"
"MSRB2-mRNA",-0.314,0.257,-0.817,0.189,0.805,0.568,1.14,0.249,0.445,"lm.nb","Reactive Oxygen Response","NM_012228.3:385"
"CTLA4-mRNA",1.43,1.21,-0.929,3.8,2.7,0.525,13.9,0.265,0.47,"Wald","TCR & Costimulatory Signaling","NM_005214.3:405"
"TLR7-mRNA",0.509,0.437,-0.347,1.37,1.42,0.786,2.58,0.271,0.479,"lm.nb","TLR Signaling","NM_016562.3:4120"
"NDUFA12-mRNA",-0.193,0.165,-0.517,0.132,0.875,0.699,1.1,0.271,0.479,"lm.nb","Mitochondrial Respiration, Reactive Oxygen Response","NM_018838.3:315"
"CTSA-mRNA",-0.321,0.28,-0.871,0.229,0.8,0.547,1.17,0.279,0.491,"lm.nb","Antigen Presentation, Lysosomal Degradation","NM_001127695.1:1540"
"ITGA1-mRNA",1.04,0.93,-0.78,2.86,2.06,0.582,7.28,0.291,0.511,"Wald","PI3K","NM_181501.1:1875"
"USP8-mRNA",-0.0664,0.0597,-0.183,0.0507,0.955,0.881,1.04,0.292,0.511,"loglinear","Endocytosis","NM_001128610.1:1160"
"ALDOA-mRNA",0.123,0.111,-0.0952,0.342,1.09,0.936,1.27,0.295,0.514,"lm.nb","Glycolysis, Pentose Phosphate Pathway","NM_184041.2:1455"
"ACAT2-mRNA",-0.39,0.353,-1.08,0.302,0.763,0.472,1.23,0.296,0.514,"lm.nb","Amino Acid Synthesis, Fatty Acid Oxidation, TryptophanKynurenine Metabolism","NM_005891.2:910"
"APOE-mRNA",-0.359,0.326,-0.998,0.281,0.78,0.501,1.21,0.297,0.515,"lm.nb","Reactive Oxygen Response, Vitamin & Cofactor Metabolism","NM_000041.2:96"
"KDM3B-mRNA",-0.139,0.127,-0.388,0.11,0.908,0.764,1.08,0.301,0.518,"lm.nb","Epigenetic Regulation","NM_016604.3:4178"
"FDX1-mRNA",-0.401,0.367,-1.12,0.319,0.757,0.46,1.25,0.301,0.518,"lm.nb","KEAP1NRF2 Pathway, Reactive Oxygen Response","NM_004109.4:618"
"ATF7IP-mRNA",-0.14,0.129,-0.394,0.113,0.907,0.761,1.08,0.304,0.522,"lm.nb","Epigenetic Regulation","NM_018179.3:2505"
"AOC3-mRNA",-0.955,0.886,-2.69,0.783,0.516,0.155,1.72,0.307,0.525,"lm.nb","Amino Acid Synthesis","NM_001277731.1:2582"
"RRM1-mRNA",-0.108,0.101,-0.305,0.0898,0.928,0.809,1.06,0.31,0.529,"loglinear","Nucleotide Synthesis","NM_001033.3:2444"
"PRF1-mRNA",1.24,1.16,-1.03,3.51,2.37,0.491,11.4,0.311,0.529,"Wald","","NM_005041.3:2120"
"COX6A1-mRNA",0.0962,0.0905,-0.0812,0.274,1.07,0.945,1.21,0.313,0.531,"loglinear","Mitochondrial Respiration, p53 Pathway","NM_004373.2:260"
"EPC1-mRNA",0.113,0.107,-0.0963,0.322,1.08,0.935,1.25,0.315,0.533,"lm.nb","Epigenetic Regulation","NM_025209.2:1615"
"IDH3G-mRNA",-0.0963,0.0925,-0.278,0.0849,0.935,0.825,1.06,0.322,0.543,"lm.nb","Mitochondrial Respiration","NM_004135.2:390"
"CLOCK-mRNA",-0.104,0.1,-0.3,0.0922,0.93,0.812,1.07,0.323,0.543,"loglinear","Epigenetic Regulation, Transcriptional Regulation","NM_004898.2:2350"
"GOT2-mRNA",-0.175,0.169,-0.505,0.156,0.886,0.704,1.11,0.324,0.543,"lm.nb","Amino Acid Synthesis, Arginine Metabolism, Glutamine Metabolism","NM_002080.2:2145"
"PDP1-mRNA",0.244,0.236,-0.219,0.706,1.18,0.859,1.63,0.326,0.545,"lm.nb","Mitochondrial Respiration","NM_001161778.1:950"
"A2M-mRNA",-0.793,0.772,-2.31,0.721,0.577,0.202,1.65,0.329,0.547,"lm.nb","Cytokine & Chemokine Signaling","NM_000014.4:1685"
"HRAS-mRNA",-0.19,0.186,-0.555,0.174,0.876,0.681,1.13,0.33,0.547,"lm.nb","Autophagy, Cytokine & Chemokine Signaling, Endocytosis, MAPK, PI3K, TCR & Costimulatory Signaling, mTOR","NM_005343.2:396"
"ME2-mRNA",0.131,0.128,-0.119,0.38,1.09,0.921,1.3,0.33,0.547,"lm.nb","Mitochondrial Respiration","NM_002396.3:610"
"GAPDH-mRNA",0.221,0.217,-0.204,0.645,1.17,0.868,1.56,0.333,0.55,"lm.nb","Glycolysis","NM_001256799.1:386"
"OAT-mRNA",-0.395,0.39,-1.16,0.37,0.761,0.448,1.29,0.335,0.552,"lm.nb","Amino Acid Synthesis, Glutamine Metabolism","NM_000274.3:775"
"ASH1L-mRNA",-0.145,0.144,-0.427,0.137,0.904,0.744,1.1,0.337,0.553,"lm.nb","Amino Acid Synthesis, Epigenetic Regulation","NM_018489.2:5005"
"SERINC3-mRNA",-0.0853,0.0851,-0.252,0.0815,0.943,0.84,1.06,0.34,0.556,"lm.nb","Glutamine Metabolism","NM_006811.2:185"
"ATG2B-mRNA",-0.134,0.138,-0.406,0.137,0.911,0.755,1.1,0.355,0.578,"lm.nb","Autophagy","NM_018036.5:1722"
"YWHAZ-mRNA",0.0958,0.0997,-0.0997,0.291,1.07,0.933,1.22,0.36,0.585,"lm.nb","Cell Cycle, Cytokine & Chemokine Signaling, PI3K, p53 Pathway","NM_003406.2:2345"
"SHMT1-mRNA",-1.72,1.85,-5.34,1.9,0.304,0.0247,3.73,0.376,0.61,"Wald","Amino Acid Synthesis, Vitamin & Cofactor Metabolism","NM_148918.1:1800"
"SLC2A14-mRNA",0.518,0.561,-0.582,1.62,1.43,0.668,3.07,0.378,0.611,"lm.nb","Glucose Transport","NM_001286234.1:606"
"PRKAB1-mRNA",0.155,0.168,-0.175,0.484,1.11,0.886,1.4,0.38,0.613,"lm.nb","AMPK, Autophagy, Mitochondrial Respiration, mTOR, p53 Pathway","NM_006253.4:1550"
"PHGDH-mRNA",-0.669,0.734,-2.11,0.77,0.629,0.232,1.71,0.384,0.617,"lm.nb","Amino Acid Synthesis, Glutamine Metabolism","NM_006623.3:1900"
"ODC1-mRNA",0.152,0.168,-0.176,0.481,1.11,0.885,1.4,0.385,0.618,"lm.nb","Amino Acid Synthesis, Myc","NM_002539.1:950"
"CHMP6-mRNA",0.0697,0.0789,-0.085,0.224,1.05,0.943,1.17,0.398,0.636,"loglinear","Autophagy, Endocytosis","NM_024591.4:346"
"PGK1-mRNA",0.135,0.154,-0.166,0.436,1.1,0.891,1.35,0.401,0.639,"lm.nb","Glycolysis","NM_000291.2:1030"
"RUNX1-mRNA",-0.239,0.274,-0.775,0.297,0.847,0.584,1.23,0.402,0.64,"lm.nb","Transcriptional Regulation","NM_001754.4:635"
"PRDX1-mRNA",0.176,0.202,-0.221,0.573,1.13,0.858,1.49,0.406,0.643,"lm.nb","Reactive Oxygen Response, p53 Pathway","NM_002574.2:632"
"GBA-mRNA",-0.135,0.158,-0.445,0.174,0.911,0.735,1.13,0.412,0.652,"lm.nb","Lysosomal Degradation","NM_001005742.2:1695"
"ARID1B-mRNA",-0.0803,0.0981,-0.273,0.112,0.946,0.828,1.08,0.432,0.681,"lm.nb","Epigenetic Regulation","NM_020732.3:6335"
"NQO1-mRNA",0.238,0.293,-0.337,0.813,1.18,0.792,1.76,0.436,0.685,"lm.nb","KEAP1NRF2 Pathway, Reactive Oxygen Response","NM_000903.2:790"
"FAHD1-mRNA",-0.138,0.175,-0.481,0.205,0.909,0.716,1.15,0.447,0.701,"lm.nb","Amino Acid Synthesis, Mitochondrial Respiration","NM_031208.3:542"
"ATF7-mRNA",0.0788,0.101,-0.119,0.276,1.06,0.921,1.21,0.452,0.707,"lm.nb","Transcriptional Regulation","NM_001130060.1:203"
"PSMA7-mRNA",-0.0678,0.0878,-0.24,0.104,0.954,0.847,1.07,0.458,0.714,"loglinear","Antigen Presentation, Cell Cycle, Cytokine & Chemokine Signaling, Hypoxia","NM_002792.2:639"
"SLC7A11-mRNA",0.45,0.592,-0.71,1.61,1.37,0.611,3.05,0.465,0.721,"lm.nb","Amino Acid Transporters, Reactive Oxygen Response","NM_014331.3:636"
"RB1CC1-mRNA",-0.136,0.18,-0.489,0.216,0.91,0.713,1.16,0.465,0.721,"lm.nb","Autophagy","NM_001083617.1:1860"
"CTSS-mRNA",-0.124,0.166,-0.449,0.201,0.918,0.733,1.15,0.472,0.73,"lm.nb","Antigen Presentation, Lysosomal Degradation, TLR Signaling","NM_004079.3:685"
"ASNS-mRNA",0.637,0.865,-1.06,2.33,1.56,0.48,5.04,0.48,0.74,"Wald","Amino Acid Synthesis, Glutamine Metabolism","NM_183356.2:1644"
"EZH2-mRNA",1.61,2.2,-2.7,5.91,3.05,0.154,60.2,0.483,0.743,"Wald","Amino Acid Synthesis, Epigenetic Regulation","NM_001203247.1:1121"
"ALDH2-mRNA",-0.243,0.336,-0.9,0.415,0.845,0.536,1.33,0.486,0.745,"lm.nb","Amino Acid Synthesis, Fatty Acid Oxidation, Glycolysis, TryptophanKynurenine Metabolism","NM_000690.2:825"
"THBS1-mRNA",1.11,1.55,-1.93,4.15,2.16,0.262,17.8,0.49,0.747,"loglinear","Myc, PI3K","NM_003246.2:3465"
"PYCR2-mRNA",-0.0931,0.13,-0.348,0.162,0.938,0.785,1.12,0.491,0.747,"lm.nb","Amino Acid Synthesis, Glutamine Metabolism","NM_013328.2:1250"
"HSPA4-mRNA",0.0774,0.108,-0.135,0.29,1.06,0.911,1.22,0.492,0.747,"lm.nb","Myc","NM_002154.3:1225"
"ITGAM-mRNA",-0.357,0.502,-1.34,0.627,0.781,0.395,1.54,0.493,0.748,"lm.nb","Cytokine & Chemokine Signaling, TLR Signaling","NM_000632.3:515"
"ACACB-mRNA",-1.35,1.93,-5.14,2.44,0.393,0.0284,5.43,0.503,0.761,"Wald","AMPK, Fatty Acid Synthesis, Vitamin & Cofactor Metabolism","NM_001093.3:3365"
"MYB-mRNA",-1.34,1.94,-5.15,2.46,0.394,0.0282,5.52,0.507,0.763,"Wald","PI3K, Transcriptional Regulation","NM_001130173.1:183"
"NSD1-mRNA",-0.118,0.171,-0.453,0.218,0.922,0.73,1.16,0.508,0.763,"lm.nb","Amino Acid Synthesis, Epigenetic Regulation","NM_022455.4:3140"
"IDH3B-mRNA",-0.0361,0.055,-0.144,0.0717,0.975,0.905,1.05,0.526,0.79,"loglinear","Mitochondrial Respiration","NM_001258384.1:556"
"LCK-mRNA",-0.588,0.895,-2.34,1.17,0.665,0.197,2.24,0.528,0.79,"Wald","Cytokine & Chemokine Signaling, NF-kB, TCR & Costimulatory Signaling","NM_005356.2:1260"
"SHMT2-mRNA",-0.185,0.285,-0.743,0.373,0.88,0.598,1.29,0.53,0.79,"lm.nb","Amino Acid Synthesis, Vitamin & Cofactor Metabolism","NM_001166356.1:1460"
"ZNF675-mRNA",-0.14,0.215,-0.562,0.283,0.908,0.677,1.22,0.531,0.79,"lm.nb","Transcriptional Regulation","NM_138330.2:851"
"PRKAA1-mRNA",0.144,0.223,-0.294,0.581,1.1,0.815,1.5,0.535,0.79,"lm.nb","AMPK, Autophagy, PI3K, mTOR, p53 Pathway","NM_006251.5:366"
"AMDHD1-mRNA",-0.855,1.33,-3.46,1.75,0.553,0.0908,3.37,0.536,0.79,"Wald","Amino Acid Synthesis","NM_152435.2:1936"
"GZMH-mRNA",0.657,1.02,-1.35,2.66,1.58,0.393,6.33,0.536,0.79,"Wald","","NM_033423.3:705"
"CD68-mRNA",-0.128,0.2,-0.52,0.264,0.915,0.697,1.2,0.537,0.79,"lm.nb","Lysosomal Degradation","NM_001251.2:1140"
"SLC27A1-mRNA",-1.24,1.94,-5.04,2.56,0.424,0.0305,5.91,0.539,0.792,"Wald","Amino Acid Transporters","NM_198580.1:1927"
"SDHB-mRNA",-0.0598,0.0944,-0.245,0.125,0.959,0.844,1.09,0.541,0.792,"loglinear","IDH12 Activity, Mitochondrial Respiration","NM_003000.2:245"
"BRAF-mRNA",-0.0833,0.133,-0.345,0.178,0.944,0.787,1.13,0.546,0.798,"lm.nb","Cytokine & Chemokine Signaling, MAPK, mTOR","NM_004333.3:565"
"FOLR3-mRNA",-0.715,1.16,-2.99,1.56,0.609,0.125,2.96,0.552,0.803,"lm.nb","Endocytosis","NM_000804.2:469"
"IDH3A-mRNA",0.0583,0.095,-0.128,0.244,1.04,0.915,1.18,0.553,0.803,"lm.nb","Mitochondrial Respiration","NM_005530.2:1521"
"IL10-mRNA",0.495,0.811,-1.09,2.08,1.41,0.468,4.24,0.555,0.805,"lm.nb","Cytokine & Chemokine Signaling, TCR & Costimulatory Signaling","NM_000572.2:230"
"EEA1-mRNA",0.0609,0.101,-0.137,0.259,1.04,0.909,1.2,0.56,0.81,"lm.nb","Endocytosis, TLR Signaling","NM_003566.3:2035"
"CD163-mRNA",0.503,0.837,-1.14,2.14,1.42,0.454,4.42,0.561,0.81,"lm.nb","","NM_004244.4:1630"
"PGM2-mRNA",-0.0926,0.157,-0.4,0.215,0.938,0.758,1.16,0.568,0.818,"lm.nb","Glycolysis, Nucleotide Synthesis, Pentose Phosphate Pathway","NM_018290.3:295"
"ECHS1-mRNA",0.0664,0.114,-0.157,0.29,1.05,0.897,1.22,0.573,0.821,"lm.nb","Amino Acid Synthesis, Fatty Acid Oxidation, TryptophanKynurenine Metabolism","NM_004092.3:125"
"HSPA2-mRNA",1.28,2.2,-3.03,5.59,2.42,0.122,48,0.576,0.821,"Wald","Cell Cycle, Endocytosis, MAPK","NM_021979.3:2095"
"PTPRC-mRNA",0.106,0.184,-0.254,0.467,1.08,0.838,1.38,0.576,0.821,"lm.nb","TCR & Costimulatory Signaling","NM_080923.2:154"
"KYAT1-mRNA",-0.952,1.65,-4.18,2.27,0.517,0.0553,4.83,0.577,0.821,"Wald","Amino Acid Synthesis, Glutamine Metabolism, TryptophanKynurenine Metabolism","NM_004059.4:1557"
"NKG7-mRNA",0.628,1.11,-1.56,2.81,1.54,0.34,7.01,0.587,0.833,"Wald","","NM_005601.3:633"
"ENO1-mRNA",0.0718,0.13,-0.184,0.327,1.05,0.881,1.25,0.594,0.839,"lm.nb","Glycolysis, Myc","NM_001428.2:1689"
"CS-mRNA",-0.0573,0.104,-0.261,0.147,0.961,0.834,1.11,0.594,0.839,"lm.nb","Mitochondrial Respiration","NM_004077.2:740"
"GNG12-mRNA",-0.161,0.3,-0.749,0.426,0.894,0.595,1.34,0.602,0.848,"lm.nb","Cytokine & Chemokine Signaling, MAPK, PI3K","NM_018841.3:245"
"ARID1A-mRNA",-0.0903,0.17,-0.424,0.244,0.939,0.745,1.18,0.608,0.854,"lm.nb","Epigenetic Regulation","NM_006015.4:5495"
"TLR10-mRNA",-0.751,1.42,-3.53,2.03,0.594,0.0865,4.08,0.61,0.855,"Wald","TLR Signaling","NM_030956.2:2246"
"MAP1LC3B-mRNA",-0.103,0.196,-0.487,0.282,0.931,0.713,1.22,0.612,0.856,"lm.nb","Autophagy","NM_022818.4:1685"
"NME1-mRNA",-0.149,0.289,-0.715,0.417,0.902,0.609,1.34,0.617,0.86,"lm.nb","Myc, Nucleotide Synthesis","NM_000269.2:500"
"ZNF136-mRNA",0.0537,0.104,-0.151,0.258,1.04,0.901,1.2,0.618,0.86,"lm.nb","Transcriptional Regulation","NM_003437.2:385"
"HAAO-mRNA",-0.226,0.444,-1.1,0.645,0.855,0.467,1.56,0.621,0.863,"lm.nb","TryptophanKynurenine Metabolism","NM_012205.2:243"
"MAPK8-mRNA",0.0843,0.167,-0.243,0.411,1.06,0.845,1.33,0.624,0.863,"lm.nb","Autophagy, Cytokine & Chemokine Signaling, DNA Damage Repair, MAPK, TLR Signaling","NM_002750.2:945"
"CD276-mRNA",0.105,0.208,-0.302,0.512,1.08,0.811,1.43,0.625,0.863,"lm.nb","TCR & Costimulatory Signaling","NM_001024736.1:2119"
"PTK2-mRNA",0.178,0.355,-0.518,0.874,1.13,0.698,1.83,0.627,0.863,"lm.nb","Cytokine & Chemokine Signaling, PI3K","NM_005607.4:3466"
"CDA-mRNA",-0.464,0.93,-2.29,1.36,0.725,0.205,2.57,0.629,0.864,"lm.nb","Nucleotide Salvage, Nucleotide Synthesis","NM_001785.2:322"
"UCK2-mRNA",0.504,1.03,-1.52,2.52,1.42,0.35,5.75,0.636,0.872,"Wald","Nucleotide Salvage, Nucleotide Synthesis","NM_012474.3:730"
"KLRB1-mRNA",-0.704,1.45,-3.54,2.13,0.614,0.0861,4.37,0.638,0.872,"Wald","","NM_002258.2:85"
"SLC16A6-mRNA",-0.204,0.454,-1.09,0.685,0.868,0.469,1.61,0.663,0.904,"lm.nb","Amino Acid Transporters","NM_001174166.1:855"
"FOLR1-mRNA",-0.507,1.13,-2.72,1.71,0.704,0.152,3.26,0.664,0.904,"Wald","Endocytosis","NM_000802.2:815"
"KMT2E-mRNA",-0.0194,0.044,-0.106,0.0668,0.987,0.929,1.05,0.668,0.906,"loglinear","Amino Acid Synthesis, Epigenetic Regulation, Transcriptional Regulation","NM_018682.3:1541"
"LAT-mRNA",-0.493,1.12,-2.68,1.69,0.711,0.156,3.23,0.669,0.906,"Wald","NF-kB, TCR & Costimulatory Signaling","NM_001014987.1:1290"
"IDNK-mRNA",-0.0739,0.174,-0.415,0.267,0.95,0.75,1.2,0.68,0.919,"lm.nb","Pentose Phosphate Pathway","NM_001001551.3:272"
"CXCR6-mRNA",0.444,1.06,-1.63,2.52,1.36,0.323,5.74,0.685,0.923,"Wald","Cytokine & Chemokine Signaling","NM_006564.1:97"
"ARID2-mRNA",0.0559,0.136,-0.21,0.322,1.04,0.865,1.25,0.689,0.926,"lm.nb","Epigenetic Regulation","NM_152641.2:3355"
"BCL2-mRNA",0.712,1.75,-2.71,4.14,1.64,0.153,17.6,0.693,0.927,"Wald","Autophagy, Cytokine & Chemokine Signaling, NF-kB, PI3K, Reactive Oxygen Response","NM_000657.2:5"
"SQSTM1-mRNA",-0.0909,0.224,-0.53,0.349,0.939,0.692,1.27,0.694,0.927,"lm.nb","Cytokine & Chemokine Signaling","NM_003900.3:1445"
"HSD17B8-mRNA",-0.96,2.37,-5.6,3.68,0.514,0.0207,12.8,0.695,0.927,"Wald","Fatty Acid Synthesis","NM_014234.3:875"
"SH2D1A-mRNA",1.01,2.58,-4.04,6.06,2.01,0.0607,66.8,0.704,0.935,"Wald","","NM_002351.4:495"
"TALDO1-mRNA",-0.0671,0.172,-0.404,0.27,0.955,0.756,1.21,0.705,0.935,"lm.nb","Cytokine & Chemokine Signaling, Pentose Phosphate Pathway","NM_006755.1:262"
"PRKAB2-mRNA",-0.0727,0.188,-0.441,0.296,0.951,0.737,1.23,0.707,0.935,"lm.nb","AMPK, Autophagy, Fatty Acid Oxidation, Mitochondrial Respiration, mTOR, p53 Pathway","NM_005399.3:1600"
"HK1-mRNA",0.0827,0.214,-0.337,0.502,1.06,0.792,1.42,0.707,0.935,"lm.nb","Glycolysis","NM_000188.2:3355"
"CARD11-mRNA",0.619,1.63,-2.58,3.82,1.54,0.167,14.1,0.714,0.941,"Wald","NF-kB, TCR & Costimulatory Signaling","NM_032415.2:1075"
"MYC-mRNA",0.552,1.49,-2.38,3.48,1.47,0.193,11.1,0.72,0.948,"Wald","Cell Cycle, Cytokine & Chemokine Signaling, MAPK, Myc, PI3K, Transcriptional Regulation","NM_002467.3:1610"
"ITGB1-mRNA",0.0812,0.228,-0.367,0.529,1.06,0.776,1.44,0.73,0.958,"lm.nb","Cytokine & Chemokine Signaling, PI3K","NM_002211.3:355"
"PTGS1-mRNA",-0.525,1.52,-3.51,2.46,0.695,0.0876,5.52,0.739,0.967,"Wald","Reactive Oxygen Response","NM_000962.2:700"
"CACNG2-mRNA",0.915,2.68,-4.33,6.16,1.89,0.0497,71.5,0.74,0.967,"Wald","MAPK","NM_006078.3:3740"
"SERINC1-mRNA",-0.0338,0.101,-0.231,0.163,0.977,0.852,1.12,0.744,0.97,"lm.nb","Glutamine Metabolism","NM_020755.2:95"
"AK3-mRNA",0.0522,0.159,-0.259,0.363,1.04,0.836,1.29,0.749,0.974,"lm.nb","Nucleotide Synthesis","NM_016282.2:450"
"PNP-mRNA",-0.0824,0.254,-0.579,0.415,0.945,0.669,1.33,0.752,0.975,"lm.nb","Nucleotide Salvage, Nucleotide Synthesis","NM_000270.2:1150"
"MYCL-mRNA",-0.543,1.68,-3.83,2.74,0.686,0.0704,6.69,0.753,0.975,"Wald","Transcriptional Regulation","NM_001033081.2:568"
"GZMA-mRNA",-0.289,0.917,-2.09,1.51,0.818,0.235,2.84,0.759,0.98,"lm.nb","","NM_006144.2:155"
"COX8A-mRNA",-0.0254,0.0836,-0.189,0.139,0.983,0.877,1.1,0.768,0.989,"loglinear","Mitochondrial Respiration, p53 Pathway","NM_004074.2:0"
"FASN-mRNA",-0.452,1.55,-3.48,2.58,0.731,0.0896,5.97,0.777,0.995,"Wald","AMPK, Fatty Acid Synthesis, Myc, Vitamin & Cofactor Metabolism","NM_004104.4:5387"
"AR-mRNA",1.49,5.16,-8.62,11.6,2.81,0.00255,3110,0.779,0.995,"Wald","Transcriptional Regulation","NM_000044.2:875"
"LEPR-mRNA",-0.53,1.83,-4.12,3.06,0.692,0.0573,8.36,0.779,0.995,"Wald","AMPK, Cytokine & Chemokine Signaling","NM_001003679.1:2000"
"AMPD2-mRNA",-0.652,2.26,-5.08,3.78,0.637,0.0296,13.7,0.78,0.995,"Wald","Nucleotide Salvage, Nucleotide Synthesis","NM_004037.6:3095"
"SLC16A7-mRNA",-0.787,2.76,-6.2,4.63,0.58,0.0136,24.8,0.782,0.997,"Wald","Amino Acid Transporters","NM_001270623.1:5460"
"CD247-mRNA",0.46,1.67,-2.82,3.74,1.38,0.142,13.4,0.79,0.997,"Wald","TCR & Costimulatory Signaling","NM_000734.3:1350"
"CLSPN-mRNA",0.75,2.74,-4.61,6.11,1.68,0.0409,69.1,0.79,0.997,"Wald","Cell Cycle, DNA Damage Repair","NM_022111.2:442"
"PDGFB-mRNA",0.463,1.7,-2.87,3.79,1.38,0.137,13.9,0.792,0.997,"Wald","Cytokine & Chemokine Signaling, MAPK, PI3K","NM_033016.2:1480"
"RBKS-mRNA",-0.402,1.5,-3.35,2.54,0.757,0.0981,5.84,0.795,0.997,"Wald","Pentose Phosphate Pathway","NM_022128.2:914"
"CD3D-mRNA",-0.146,0.552,-1.23,0.935,0.904,0.427,1.91,0.797,0.997,"lm.nb","Endocytosis, TCR & Costimulatory Signaling","NM_000732.4:110"
"SEC13-mRNA",-0.0639,0.247,-0.547,0.419,0.957,0.684,1.34,0.801,0.997,"lm.nb","Antigen Presentation, Cell Cycle, Glycolysis, mTOR","NM_001136026.2:400"
"BHMT2-mRNA",0.843,3.25,-5.53,7.22,1.79,0.0216,149,0.801,0.997,"Wald","Amino Acid Synthesis","NM_001178005.1:946"
"APOC2-mRNA",-0.439,1.72,-3.81,2.93,0.738,0.0714,7.62,0.804,0.997,"Wald","Vitamin & Cofactor Metabolism","NM_000483.3:556"
"D2HGDH-mRNA",-0.555,2.19,-4.85,3.74,0.681,0.0346,13.4,0.806,0.997,"Wald","IDH12 Activity, Mitochondrial Respiration","NM_001287249.1:550"
"CD3G-mRNA",-0.294,1.17,-2.59,2,0.816,0.166,4.01,0.808,0.997,"Wald","Endocytosis, TCR & Costimulatory Signaling","NM_000073.2:404"
"CDK9-mRNA",0.0149,0.0613,-0.105,0.135,1.01,0.93,1.1,0.812,0.997,"loglinear","Nucleotide Synthesis","NM_001261.2:400"
"SDS-mRNA",0.502,2.09,-3.59,4.6,1.42,0.0828,24.2,0.815,0.997,"loglinear","Amino Acid Synthesis","NM_006843.2:1165"
"PSAT1-mRNA",-0.186,0.798,-1.75,1.38,0.879,0.297,2.6,0.82,0.997,"lm.nb","Amino Acid Synthesis, Glutamine Metabolism","NM_021154.3:1445"
"DEPTOR-mRNA",-0.351,1.5,-3.3,2.6,0.784,0.101,6.06,0.821,0.997,"Wald","Autophagy, mTOR","NM_022783.3:790"
"CD6-mRNA",-0.484,2.09,-4.58,3.62,0.715,0.0417,12.3,0.822,0.997,"Wald","","NM_001254751.1:1722"
"CD40LG-mRNA",-0.218,0.956,-2.09,1.65,0.86,0.235,3.15,0.824,0.997,"Wald","Cytokine & Chemokine Signaling, NF-kB, TCR & Costimulatory Signaling","NM_000074.2:1225"
"LAMC1-mRNA",-0.0888,0.397,-0.866,0.688,0.94,0.549,1.61,0.827,0.997,"lm.nb","PI3K","NM_002293.3:4915"
"KANSL1-mRNA",0.0341,0.154,-0.269,0.337,1.02,0.83,1.26,0.829,0.997,"lm.nb","Epigenetic Regulation","NM_001193465.1:1838"
"MS4A4A-mRNA",-0.0872,0.4,-0.872,0.698,0.941,0.546,1.62,0.832,0.997,"lm.nb","","NM_024021.2:800"
"KMT2D-mRNA",-0.0504,0.232,-0.505,0.404,0.966,0.704,1.32,0.832,0.997,"lm.nb","Amino Acid Synthesis, Epigenetic Regulation, Transcriptional Regulation","NM_003482.3:6070"
"ZNF93-mRNA",-0.842,3.97,-8.62,6.93,0.558,0.00255,122,0.837,0.997,"Wald","Transcriptional Regulation","NM_031218.3:2314"
"PIK3R2-mRNA",-0.694,3.28,-7.12,5.73,0.618,0.00718,53.2,0.837,0.997,"Wald","AMPK, Autophagy, Cytokine & Chemokine Signaling, PI3K, TCR & Costimulatory Signaling, mTOR","NM_005027.2:3100"
"CD3E-mRNA",-0.225,1.08,-2.34,1.89,0.855,0.197,3.72,0.84,0.997,"Wald","TCR & Costimulatory Signaling","NM_000733.2:75"
"FANCD2-mRNA",-0.6,2.92,-6.33,5.13,0.66,0.0125,34.9,0.842,0.997,"Wald","DNA Damage Repair","NM_033084.3:260"
"PDK1-mRNA",-0.35,1.74,-3.76,3.06,0.784,0.0738,8.34,0.845,0.997,"Wald","Mitochondrial Respiration","NM_002610.3:1170"
"UCKL1-mRNA",-0.0194,0.0989,-0.213,0.175,0.987,0.863,1.13,0.849,0.997,"lm.nb","Nucleotide Salvage, Nucleotide Synthesis","NM_001193379.1:825"
"SOD1-mRNA",-0.0171,0.0889,-0.191,0.157,0.988,0.876,1.11,0.851,0.997,"lm.nb","Cytokine & Chemokine Signaling, Reactive Oxygen Response","NM_000454.4:245"
"TK1-mRNA",-0.422,2.19,-4.71,3.87,0.746,0.0381,14.6,0.851,0.997,"Wald","Cell Cycle, Nucleotide Salvage, Nucleotide Synthesis","NM_003258.1:1215"
"FANCA-mRNA",-0.683,3.8,-8.13,6.76,0.623,0.00358,108,0.861,0.997,"Wald","DNA Damage Repair","NM_000135.2:798"
"NFAT5-mRNA",0.7,4.06,-7.25,8.65,1.62,0.00656,402,0.867,0.997,"Wald","Transcriptional Regulation","NM_173214.1:3290"
"HSF1-mRNA",0.0255,0.148,-0.265,0.316,1.02,0.832,1.24,0.867,0.997,"lm.nb","Transcriptional Regulation","XM_011517006.1:63"
"NDUFA7-mRNA",0.021,0.123,-0.22,0.262,1.01,0.859,1.2,0.867,0.997,"lm.nb","Mitochondrial Respiration","NM_005001.2:373"
"ZNF253-mRNA",-0.559,3.36,-7.15,6.03,0.679,0.00704,65.4,0.872,0.997,"Wald","Transcriptional Regulation","NM_021047.2:1327"
"EHHADH-mRNA",-0.597,3.64,-7.73,6.54,0.661,0.00469,93.1,0.873,0.997,"Wald","Amino Acid Synthesis, Fatty Acid Oxidation, TryptophanKynurenine Metabolism","NM_001166415.1:2022"
"CCNA2-mRNA",-0.23,1.43,-3.03,2.57,0.853,0.122,5.94,0.876,0.997,"Wald","AMPK, Cell Cycle, DNA Damage Repair, Myc","NM_001237.2:1210"
"BRCA2-mRNA",1.05,6.56,-11.8,13.9,2.07,0.000279,15400,0.877,0.997,"Wald","Cell Cycle, DNA Damage Repair","NM_000059.3:115"
"KRAS-mRNA",0.0126,0.0789,-0.142,0.167,1.01,0.906,1.12,0.877,0.997,"loglinear","Autophagy, Cytokine & Chemokine Signaling, MAPK, PI3K, TCR & Costimulatory Signaling, mTOR","NM_033360.2:267"
"EFNA4-mRNA",-0.531,3.34,-7.07,6.01,0.692,0.00742,64.5,0.877,0.997,"Wald","MAPK, PI3K","NM_005227.2:380"
"MAP3K12-mRNA",-0.672,4.38,-9.25,7.91,0.628,0.00164,240,0.881,0.997,"Wald","MAPK","NM_006301.2:800"
"CENPA-mRNA",-0.491,3.25,-6.86,5.88,0.712,0.00858,59,0.883,0.997,"Wald","Cell Cycle","NM_001042426.1:979"
"ZNF610-mRNA",-0.625,4.28,-9.02,7.77,0.648,0.00193,218,0.887,0.997,"Wald","Transcriptional Regulation","NM_001161427.1:454"
"CD209-mRNA",0.245,1.68,-3.05,3.54,1.19,0.12,11.7,0.887,0.997,"Wald","","NM_001144899.1:950"
"CD63-mRNA",0.0171,0.12,-0.218,0.252,1.01,0.86,1.19,0.889,0.997,"lm.nb","Lysosomal Degradation","NM_001780.4:350"
"HSPE1-mRNA",0.0183,0.131,-0.239,0.276,1.01,0.847,1.21,0.892,0.997,"lm.nb","Myc","NM_002157.2:607"
"HLA-DQA1-mRNA",0.489,3.53,-6.42,7.4,1.4,0.0117,169,0.892,0.997,"loglinear","Antigen Presentation, Cytokine & Chemokine Signaling","NM_002122.3:258"
"AKT1S1-mRNA",0.019,0.137,-0.249,0.287,1.01,0.842,1.22,0.892,0.997,"lm.nb","AMPK, Autophagy, mTOR","NM_032375.3:1850"
"BRCA1-mRNA",-0.394,2.88,-6.04,5.25,0.761,0.0152,38,0.894,0.997,"Wald","Cell Cycle, DNA Damage Repair, PI3K","NM_007294.3:787"
"KIF2C-mRNA",-0.316,2.42,-5.06,4.43,0.803,0.0299,21.5,0.899,0.997,"Wald","Antigen Presentation, Cell Cycle","NM_006845.3:1940"
"GNLY-mRNA",0.228,1.75,-3.21,3.67,1.17,0.108,12.7,0.899,0.997,"Wald","","NM_012483.2:880"
"KLRK1-mRNA",-0.132,1.09,-2.27,2.01,0.912,0.207,4.03,0.906,0.997,"Wald","","NM_007360.1:760"
"PRR5-mRNA",-0.154,1.29,-2.68,2.37,0.899,0.156,5.17,0.908,0.997,"Wald","mTOR","NM_015366.3:1635"
"PSPH-mRNA",-0.479,4.16,-8.63,7.67,0.718,0.00252,204,0.911,0.997,"Wald","Amino Acid Synthesis, Glutamine Metabolism","NM_004577.3:225"
"ZNF85-mRNA",-0.345,3.12,-6.47,5.78,0.787,0.0113,54.9,0.915,0.997,"Wald","Transcriptional Regulation","NM_001256171.1:275"
"BUB1-mRNA",-0.313,2.87,-5.94,5.31,0.805,0.0163,39.7,0.915,0.997,"Wald","Cell Cycle","NM_004336.3:1978"
"GLUL-mRNA",-0.0432,0.404,-0.835,0.749,0.97,0.561,1.68,0.917,0.997,"lm.nb","Amino Acid Synthesis, Arginine Metabolism, Glutamine Metabolism","NM_001033044.2:2645"
"CTSZ-mRNA",0.0231,0.22,-0.407,0.453,1.02,0.754,1.37,0.918,0.997,"lm.nb","Lysosomal Degradation","NM_001336.3:827"
"HSF2-mRNA",-0.41,3.97,-8.19,7.37,0.752,0.00343,165,0.92,0.997,"Wald","Transcriptional Regulation","NM_001135564.1:615"
"CTSW-mRNA",-0.144,1.39,-2.87,2.58,0.905,0.137,6,0.92,0.997,"Wald","Lysosomal Degradation","NM_001335.3:1075"
"ATG101-mRNA",0.0256,0.259,-0.482,0.533,1.02,0.716,1.45,0.923,0.997,"lm.nb","Autophagy","NM_021934.4:939"
"UMPS-mRNA",-0.393,3.99,-8.21,7.42,0.761,0.00339,171,0.924,0.997,"Wald","Nucleotide Synthesis","NM_000373.2:2445"
"KLRD1-mRNA",0.33,3.36,-6.25,6.91,1.26,0.0131,121,0.924,0.997,"Wald","","NM_007334.2:1252"
"HLA-DRB1-mRNA",0.0403,0.411,-0.765,0.846,1.03,0.588,1.8,0.924,0.997,"lm.nb","Antigen Presentation, Cytokine & Chemokine Signaling","NM_002124.3:1016"
"TPX2-mRNA",0.154,1.58,-2.94,3.25,1.11,0.13,9.5,0.925,0.997,"Wald","Cell Cycle","NM_012112.4:2975"
"ADH6-mRNA",0.403,4.21,-7.85,8.66,1.32,0.00434,403,0.926,0.997,"Wald","Amino Acid Synthesis, Fatty Acid Oxidation, Glycolysis","NM_000672.3:35"
"WRN-mRNA",-0.209,2.24,-4.59,4.17,0.865,0.0415,18.1,0.928,0.997,"Wald","Cell Cycle, DNA Damage Repair, Reactive Oxygen Response","NM_000553.4:2944"
"PTK6-mRNA",0.136,1.46,-2.73,3,1.1,0.151,8,0.928,0.997,"Wald","Cell Cycle","NM_001256358.1:291"
"ADAL-mRNA",-0.486,5.28,-10.8,9.86,0.714,0.000547,932,0.929,0.997,"Wald","Nucleotide Salvage","NM_001012969.2:890"
"SRR-mRNA",0.185,2.02,-3.78,4.15,1.14,0.0729,17.7,0.929,0.997,"Wald","Amino Acid Synthesis, Glutamine Metabolism","NM_021947.1:560"
"MTOR-mRNA",-0.557,6.17,-12.7,11.5,0.679,0.000154,2990,0.93,0.997,"Wald","AMPK, Autophagy, Cytokine & Chemokine Signaling, PI3K, mTOR, p53 Pathway","NM_004958.3:1865"
"PFKM-mRNA",-0.207,2.31,-4.73,4.31,0.866,0.0378,19.9,0.93,0.997,"Wald","AMPK, Glycolysis, Pentose Phosphate Pathway","NM_000289.5:2195"
"TDO2-mRNA",0.126,1.44,-2.69,2.95,1.09,0.155,7.7,0.932,0.997,"Wald","TryptophanKynurenine Metabolism","NM_005651.2:495"
"L2HGDH-mRNA",0.372,4.55,-8.55,9.3,1.29,0.00266,629,0.937,0.997,"Wald","IDH12 Activity, Mitochondrial Respiration","NM_024884.2:1296"
"CCNB2-mRNA",-0.155,1.99,-4.06,3.75,0.898,0.0599,13.5,0.94,0.997,"Wald","Cell Cycle","NM_004701.2:980"
"CACNB4-mRNA",0.228,3,-5.64,6.1,1.17,0.02,68.6,0.941,0.997,"Wald","MAPK","NM_000726.3:504"
"XCL1/2-mRNA",-0.0669,0.88,-1.79,1.66,0.955,0.289,3.16,0.941,0.997,"Wald","","NM_003175.3:377"
"ACACA-mRNA",-0.212,2.87,-5.84,5.41,0.863,0.0175,42.6,0.943,0.997,"Wald","AMPK, Fatty Acid Synthesis, Vitamin & Cofactor Metabolism","NM_198834.1:3681"
"COX7B-mRNA",0.00817,0.115,-0.218,0.234,1.01,0.86,1.18,0.945,0.997,"lm.nb","Mitochondrial Respiration, p53 Pathway","NM_001866.2:159"
"UBE2C-mRNA",-0.104,1.47,-2.98,2.78,0.93,0.126,6.85,0.945,0.997,"Wald","Antigen Presentation, Cell Cycle","NM_007019.2:561"
"ZNF43-mRNA",0.0147,0.214,-0.406,0.435,1.01,0.755,1.35,0.947,0.997,"lm.nb","Transcriptional Regulation","NM_003423.2:3835"
"COL6A1-mRNA",-0.053,0.772,-1.57,1.46,0.964,0.338,2.75,0.947,0.997,"lm.nb","PI3K","NM_001848.2:3665"
"BUB1B-mRNA",-0.159,2.39,-4.85,4.53,0.896,0.0348,23.1,0.948,0.997,"Wald","Cell Cycle","NM_001211.4:835"
"TYMS-mRNA",-0.0515,0.797,-1.61,1.51,0.965,0.327,2.85,0.95,0.997,"Wald","Cell Cycle, Nucleotide Synthesis","NM_001071.2:1110"
"BCL2L1-mRNA",-0.00745,0.12,-0.243,0.228,0.995,0.845,1.17,0.952,0.997,"lm.nb","Autophagy, Cytokine & Chemokine Signaling, NF-kB, PI3K","NM_138578.1:1560"
"PDHA1-mRNA",0.0057,0.092,-0.175,0.186,1,0.886,1.14,0.952,0.997,"loglinear","Glycolysis, Mitochondrial Respiration","NM_000284.3:1080"
"POLE-mRNA",-0.203,3.34,-6.74,6.34,0.869,0.00934,80.9,0.953,0.997,"Wald","Cell Cycle, DNA Damage Repair, Nucleotide Synthesis","NM_006231.3:3264"
"SIGLEC5-mRNA",0.153,2.53,-4.8,5.11,1.11,0.0359,34.5,0.953,0.997,"Wald","","NM_003830.3:1405"
"XRCC2-mRNA",0.173,2.91,-5.52,5.87,1.13,0.0218,58.4,0.954,0.997,"Wald","DNA Damage Repair","NM_005431.1:600"
"SLC7A9-mRNA",-0.257,4.35,-8.78,8.26,0.837,0.00228,308,0.954,0.997,"Wald","Amino Acid Transporters","NM_014270.4:530"
"UBE2T-mRNA",0.32,5.49,-10.4,11.1,1.25,0.000715,2180,0.955,0.997,"Wald","DNA Damage Repair","NM_014176.3:595"
"IL7-mRNA",-0.164,2.87,-5.78,5.45,0.892,0.0182,43.8,0.956,0.997,"Wald","Cytokine & Chemokine Signaling, PI3K","NM_000880.3:516"
"PIK3R3-mRNA",0.156,2.82,-5.37,5.68,1.11,0.0241,51.4,0.957,0.997,"Wald","AMPK, Autophagy, Cytokine & Chemokine Signaling, PI3K, TCR & Costimulatory Signaling, mTOR","NM_003629.3:5016"
"ACOT12-mRNA",-0.119,2.24,-4.5,4.26,0.921,0.0441,19.2,0.959,0.997,"Wald","Fatty Acid Oxidation","NM_130767.2:918"
"RPS6KB2-mRNA",-0.309,6.1,-12.3,11.7,0.807,0.000203,3210,0.961,0.997,"Wald","AMPK, Autophagy, PI3K, mTOR","NM_003952.2:980"
"ZNF708-mRNA",-0.155,3.15,-6.33,6.02,0.898,0.0124,65.1,0.962,0.997,"Wald","Transcriptional Regulation","NM_021269.2:488"
"CDCA8-mRNA",0.103,2.79,-5.36,5.56,1.07,0.0244,47.3,0.971,0.997,"Wald","Cell Cycle","NM_018101.2:1665"
"ERCC6-mRNA",0.132,3.63,-6.98,7.24,1.1,0.00794,151,0.972,0.997,"Wald","DNA Damage Repair, Reactive Oxygen Response","NM_001277058.1:200"
"NDC1-mRNA",-0.109,3.09,-6.16,5.95,0.927,0.0139,61.6,0.973,0.997,"Wald","Cell Cycle, Cytokine & Chemokine Signaling, Glycolysis","NM_001168551.1:1845"
"FANCI-mRNA",-0.0934,2.9,-5.78,5.59,0.937,0.0182,48.1,0.975,0.997,"Wald","DNA Damage Repair","NM_001113378.1:541"
"CD8A-mRNA",-0.0334,1.1,-2.19,2.12,0.977,0.219,4.35,0.976,0.997,"Wald","TCR & Costimulatory Signaling","NM_001768.6:2029"
"RGN-mRNA",0.0687,2.35,-4.53,4.67,1.05,0.0433,25.4,0.977,0.997,"Wald","Pentose Phosphate Pathway","NM_152869.3:1190"
"UQCR11-mRNA",-0.196,8.02,-15.9,15.5,0.873,1.63e-05,46800,0.981,0.997,"Wald","Mitochondrial Respiration","NM_006830.2:360"
"PYCR3-mRNA",0.105,4.37,-8.45,8.66,1.08,0.00285,406,0.981,0.997,"Wald","Amino Acid Synthesis, Glutamine Metabolism","NM_023078.2:1145"
"APOM-mRNA",-0.193,8.44,-16.7,16.4,0.875,9.12e-06,84000,0.982,0.997,"Wald","Vitamin & Cofactor Metabolism","NM_019101.2:496"
"SELENOK-mRNA",0.039,1.92,-3.72,3.8,1.03,0.0758,13.9,0.984,0.997,"Wald","Reactive Oxygen Response","NM_021237.3:42"
"LTB-mRNA",0.0307,1.52,-2.95,3.01,1.02,0.129,8.08,0.984,0.997,"Wald","Cytokine & Chemokine Signaling, NF-kB","NM_002341.1:330"
"RPTOR-mRNA",-0.121,6.18,-12.2,12,0.92,0.000209,4050,0.985,0.997,"Wald","AMPK, Autophagy, PI3K, mTOR, p53 Pathway","NM_020761.2:6665"
"PRIM2-mRNA",-0.00141,0.0797,-0.158,0.155,0.999,0.896,1.11,0.986,0.997,"loglinear","Cell Cycle, Nucleotide Synthesis","NM_001282488.1:124"
"RRM2-mRNA",0.0118,0.667,-1.3,1.32,1.01,0.407,2.5,0.986,0.997,"Wald","Cell Cycle, Nucleotide Synthesis","NM_001034.1:1615"
"PPAT-mRNA",-0.114,6.46,-12.8,12.5,0.924,0.000143,5950,0.986,0.997,"Wald","Amino Acid Synthesis, Myc, Nucleotide Synthesis","NM_002703.3:1210"
"PTPN5-mRNA",-0.0521,3.25,-6.41,6.31,0.965,0.0117,79.4,0.988,0.997,"Wald","Cytokine & Chemokine Signaling, MAPK","NM_001039970.1:2354"
"MCAT-mRNA",-0.0893,5.56,-11,10.8,0.94,0.000492,1800,0.988,0.997,"Wald","Fatty Acid Oxidation, Fatty Acid Synthesis","NM_014507.3:378"
"PGD-mRNA",-0.00231,0.153,-0.303,0.298,0.998,0.811,1.23,0.988,0.997,"lm.nb","Pentose Phosphate Pathway","NM_002631.2:1472"
"ZNF100-mRNA",-0.0906,6.52,-12.9,12.7,0.939,0.000134,6580,0.989,0.997,"Wald","Transcriptional Regulation","NM_173531.3:36"
"NRF1-mRNA",0.0709,6.05,-11.8,11.9,1.05,0.000284,3880,0.991,0.997,"Wald","Mitochondrial Respiration","NM_001040110.1:2910"
"PUDP-mRNA",-0.0308,2.93,-5.78,5.72,0.979,0.0182,52.6,0.992,0.997,"Wald","Nucleotide Salvage","NM_001178135.1:425"
"SLC16A13-mRNA",-0.0663,8.44,-16.6,16.5,0.955,9.95e-06,91700,0.994,0.997,"Wald","Amino Acid Transporters","NM_201566.2:355"
"RUNX2-mRNA",0.0161,2.53,-4.94,4.98,1.01,0.0325,31.5,0.995,0.997,"Wald","Transcriptional Regulation","NM_001024630.3:34"
"ARPC4-mRNA",0.000376,0.0861,-0.168,0.169,1,0.89,1.12,0.997,0.997,"lm.nb","Endocytosis","NM_005718.4:970"
"TELO2-mRNA",-0.0346,8.43,-16.6,16.5,0.976,1.03e-05,92500,0.997,0.997,"Wald","mTOR","NM_016111.3:294"
"FOXM1-mRNA",0.00735,2.24,-4.37,4.39,1.01,0.0482,20.9,0.997,0.997,"Wald","Cell Cycle, Transcriptional Regulation","NM_202002.1:1000"
